
# Blender 3.6.0 Alpha
# www.blender.org
o book
v 0.000000 -11.488940 7.697264
v 0.000000 -11.734350 7.697264
v 0.000000 -11.778940 7.959763
v 0.000000 -11.838940 7.899763
v 0.000000 -11.821370 7.942190
v 0.000000 -11.838940 7.828514
v 0.000000 -11.838940 7.757264
v 0.000000 -11.778940 7.697264
v 0.000000 -11.821370 7.714838
v 0.000000 11.821370 7.714838
v 0.000000 11.838940 7.757264
v 0.000000 11.821370 7.942190
v 0.000000 11.838940 7.899763
v 0.000000 11.838940 7.828514
v 0.000000 11.488940 7.697264
v 0.000000 11.778940 7.697264
v 0.000000 11.734350 7.697264
v 0.000000 11.778940 7.959763
v 0.000000 -11.734350 7.959763
v 0.000000 11.734350 7.959763
v -1.563431 -11.778940 7.332911
v -1.627236 -11.838940 -7.887264
v -1.687236 -11.734350 -7.840410
v -1.384202 -11.734350 7.697264
v -1.472379 -11.734350 7.468981
v -1.454809 -11.778940 -7.929690
v -1.487912 -11.734350 7.530498
v -1.504154 -11.734350 7.594109
v -1.454087 -11.778940 7.337361
v -1.467569 -11.734350 6.957361
v -1.530458 -11.838940 6.962272
v -1.622728 -11.734350 7.882450
v -1.583662 -11.778940 7.925670
v -1.544898 -11.838940 7.877182
v -1.467569 -11.778940 6.957361
v -1.476556 -11.734350 6.885133
v -1.529979 11.838940 7.468981
v -1.606607 11.778940 7.468980
v -1.606607 11.734350 7.468980
v -1.663161 11.814870 -7.923195
v 1.517868 -11.778940 7.778239
v -1.384202 11.488940 7.697264
v -1.379625 11.778940 7.959763
v -1.505174 11.488980 7.764026
v -1.434612 11.821370 7.942190
v -1.452857 11.488950 7.717696
v 1.517868 -11.734350 7.778239
v -1.472379 11.778940 7.468981
v -1.382862 11.821370 7.714838
v -1.447493 11.821370 7.734652
v -1.512134 11.829330 7.834292
v -1.496413 11.821290 7.775007
v -1.535260 11.821000 7.811726
v -1.628627 11.821370 7.778239
v -1.606944 11.821370 7.874390
v 1.517868 -11.489000 7.778239
v -1.532862 11.821370 7.934506
v -1.459704 11.488940 7.020694
v -1.454087 11.488940 7.084027
v -1.454087 11.488940 7.147361
v -1.454087 11.488940 7.210694
v -1.454087 11.488940 7.274027
v -1.548964 11.778940 7.273912
v -1.669662 11.821370 -7.887264
v -1.646313 11.778940 7.651830
v -1.582109 11.838940 7.651830
v -1.486322 11.821370 7.942190
v -1.437236 11.488940 6.705133
v -1.476556 11.488940 6.885133
v -1.646313 11.734350 7.651830
v -1.628633 11.821370 7.651830
v -1.588171 11.821370 7.468981
v -1.607988 11.821370 7.530498
v -1.507152 11.821370 7.530498
v -1.490263 11.821370 7.468981
v -1.545372 11.821370 7.333646
v -1.487912 11.488940 7.530498
v -1.471658 11.821370 7.336646
v -1.619511 11.821370 7.594109
v -1.627235 11.838940 -7.840410
v -1.531083 11.821370 7.273934
v -1.578799 11.821370 6.966489
v -1.517868 11.488940 7.651830
v -1.669662 11.821370 -7.840410
v -1.623445 11.821370 6.880678
v -1.648729 11.821370 6.823423
v -1.497236 11.838940 -7.840410
v -1.664386 11.821370 6.764251
v -1.472379 11.488940 7.468981
v -1.467569 11.488940 6.957361
v -1.454087 11.488940 7.337361
v -1.669631 11.821370 6.705133
v -1.459704 -11.734350 7.020694
v -1.472062 -11.734350 6.825133
v -1.597563 -11.734350 6.968029
v -1.454087 -11.734350 7.084027
v -1.454087 -11.734350 7.210694
v -1.454087 -11.734350 7.337361
v -1.452857 -11.734350 7.717696
v -1.641861 -11.734350 7.829970
v -1.507926 11.838940 7.335170
v -1.497236 11.821370 -7.929690
v -1.597563 11.778940 6.968029
v -1.504154 11.778940 7.594109
v -1.571233 11.838940 7.594109
v -1.454809 11.821370 -7.887264
v -1.637325 11.778940 7.594109
v -1.544028 11.778940 7.148977
v -1.498911 11.838940 7.148166
v -1.507308 11.838940 7.084868
v -1.554111 11.778940 7.086204
v -1.572211 11.778940 7.025398
v -1.519280 11.838940 7.022759
v -1.534872 11.838940 6.824525
v -1.472062 11.778940 6.825133
v -1.513662 11.838940 6.764879
v -1.450591 11.778940 6.765133
v 1.572309 -11.821370 7.911469
v -1.497236 11.778940 -7.947264
v -1.497236 11.838940 -7.887264
v -1.452857 11.778940 7.717696
v -1.434543 11.838940 7.775588
v -1.627236 11.778940 -7.947264
v 1.544898 -11.838940 7.877182
v -1.454884 11.821370 6.705133
v -1.535559 11.821370 7.651830
v -1.669662 11.778940 -7.929690
v -1.454809 11.821370 -7.840410
v -1.523202 11.821370 7.594109
v -1.526369 11.821370 7.148660
v -1.583662 11.734350 7.925670
v -1.504154 11.488940 7.594109
v -1.524696 11.821370 7.211814
v -1.471661 11.821370 7.210973
v -1.471661 11.821370 7.147677
v -1.485099 11.821370 6.958799
v -1.517868 11.778940 7.651830
v -1.454087 11.734350 7.274027
v -1.563431 11.734350 7.332911
v -1.687236 11.778940 -7.840410
v -1.550805 11.838940 7.530498
v -1.494236 11.821370 6.884597
v -1.469064 11.821370 6.765058
v -1.472062 11.488940 6.825133
v -1.450591 11.488940 6.765133
v -1.437236 11.778940 -7.840410
v -1.450591 11.734350 6.765133
v -1.536133 11.821370 7.085813
v -1.517868 11.489000 7.778239
v 1.547120 -11.837140 7.838829
v -1.490459 11.821370 6.824955
v -1.477302 11.821370 7.021430
v -1.553723 11.821370 7.024625
v -1.471678 11.821370 7.084410
v -1.471661 11.821370 7.274006
v -1.517868 11.734350 7.778239
v -1.626128 11.778940 7.530498
v -1.538626 11.778940 7.951554
v -1.487912 11.778940 7.530498
v -1.687236 11.734350 6.637312
v -1.687236 11.778940 6.637312
v -1.669631 11.821370 6.637312
v -1.627130 11.838940 6.637312
v -1.497491 11.838940 6.637312
v -1.454884 11.821370 6.637312
v -1.437236 11.778940 6.637312
v -1.437236 11.734350 6.637312
v -1.437236 11.488940 6.638445
v -1.646313 11.734350 7.778239
v -1.667403 11.778940 6.823243
v -1.603645 11.838940 6.823860
v -1.682278 11.778940 6.764179
v -1.621194 11.838940 6.764425
v -1.643178 11.778940 6.880080
v -1.575804 11.838940 6.882123
v -1.687236 11.778940 6.705133
v -1.627130 11.838940 6.705133
v -1.536918 11.838940 6.883302
v -1.476556 11.778940 6.885133
v -1.497492 11.838940 6.705133
v -1.437236 11.778940 6.705133
v -1.498100 11.838940 7.211392
v -1.542334 11.778940 7.212094
v -1.459704 11.778940 7.020694
v -1.518947 11.838940 7.893348
v -1.454087 11.778940 7.084027
v -1.622728 11.778940 7.882450
v -1.637325 11.734350 7.594109
v -1.548964 11.734350 7.273912
v -1.568839 11.838940 7.854931
v -1.643178 11.734350 6.880080
v -1.488076 11.734350 7.959763
v 1.687236 11.778940 -7.887264
v -1.379625 11.734350 7.959763
v -1.627236 11.734350 -7.947264
v -1.454087 11.778940 7.147361
v -1.497236 11.734350 -7.947264
v -1.572211 11.734350 7.025398
v -1.505174 11.778940 7.764026
v -1.454087 11.778940 7.210694
v -1.437236 11.734350 -7.887264
v -1.626128 11.734350 7.530498
v -1.667403 11.734350 6.823243
v -1.669662 11.734350 -7.929690
v -1.501002 11.838940 7.273954
v -1.687236 11.734350 6.705133
v -1.682278 11.734350 6.764179
v -1.454087 11.778940 7.274027
v -1.480652 11.838960 7.809480
v -1.517868 11.778940 7.778239
v -1.454809 11.734350 -7.929690
v -1.379625 11.838940 7.899763
v -1.482088 11.838940 7.899763
v -1.488076 11.778940 7.959763
v -1.579734 11.838940 7.778239
v -1.646313 11.778940 7.778239
v -1.434612 11.838940 7.899763
v -1.434612 11.778940 7.959763
v -1.379625 11.838940 7.757264
v -1.384202 11.778940 7.697264
v -1.379625 11.821370 7.942190
v -1.434612 11.734350 7.959763
v -1.544028 11.734350 7.148977
v -1.542334 11.734350 7.212094
v -1.437236 11.734350 6.705133
v -1.517868 11.734350 7.651830
v -1.454087 11.734350 7.147361
v -1.687236 11.734350 -7.887264
v -1.554111 11.734350 7.086204
v -1.538626 11.734350 7.951554
v -1.379625 11.838940 7.828514
v -1.434578 11.838940 7.837676
v -1.481370 11.838950 7.854622
v -1.518000 11.838970 7.861745
v -1.547120 11.837140 7.838829
v -1.580121 11.838940 7.818028
v -1.624684 11.821370 7.826521
v -1.641861 11.778940 7.829970
v -1.505174 11.734350 7.764026
v -1.641861 11.734350 7.829970
v -1.452857 11.734350 7.717696
v -1.454087 11.734350 7.337361
v -1.454087 11.734350 7.210694
v -1.454087 11.734350 7.084027
v -1.597563 11.734350 6.968029
v -1.472062 11.734350 6.825133
v -1.459704 11.734350 7.020694
v -1.476556 11.734350 6.885133
v -1.467569 11.778940 6.957361
v -1.544898 11.838940 7.877182
v -1.583662 11.778940 7.925670
v -1.622728 11.734350 7.882450
v -1.530458 11.838940 6.962272
v -1.467569 11.734350 6.957361
v -1.454087 11.778940 7.337361
v -1.504154 11.734350 7.594109
v -1.487912 11.734350 7.530498
v -1.454809 11.778940 -7.929690
v -1.472379 11.734350 7.468981
v -1.384202 11.734350 7.697264
v -1.687236 11.734350 -7.840410
v -1.627236 11.838940 -7.887264
v -1.563431 11.778940 7.332911
v -1.505174 -11.734350 7.764026
v -1.641861 -11.778940 7.829970
v -1.624684 -11.821370 7.826521
v -1.580121 -11.838940 7.818028
v -1.547120 -11.837140 7.838829
v -1.518000 -11.838970 7.861745
v -1.481370 -11.838950 7.854622
v -1.434578 -11.838940 7.837676
v -1.379625 -11.838940 7.828514
v -1.538626 -11.734350 7.951554
v -1.554111 -11.734350 7.086204
v -1.687236 -11.734350 -7.887264
v -1.454087 -11.734350 7.147361
v -1.517868 -11.734350 7.651830
v -1.437236 -11.734350 6.705133
v -1.542334 -11.734350 7.212094
v -1.544028 -11.734350 7.148977
v -1.434612 -11.734350 7.959763
v -1.379625 -11.821370 7.942190
v -1.384202 -11.778940 7.697264
v -1.379625 -11.838940 7.757264
v -1.434612 -11.778940 7.959763
v -1.434612 -11.838940 7.899763
v -1.646313 -11.778940 7.778239
v -1.579734 -11.838940 7.778239
v -1.488076 -11.778940 7.959763
v -1.482088 -11.838940 7.899763
v -1.379625 -11.838940 7.899763
v -1.454809 -11.734350 -7.929690
v 1.517868 11.778940 7.778239
v -1.480652 -11.838960 7.809480
v -1.454087 -11.778940 7.274027
v -1.682278 -11.734350 6.764179
v -1.687236 -11.734350 6.705133
v -1.501002 -11.838940 7.273954
v -1.669662 -11.734350 -7.929690
v -1.667403 -11.734350 6.823243
v -1.626128 -11.734350 7.530498
v -1.437236 -11.734350 -7.887264
v -1.454087 -11.778940 7.210694
v -1.505174 -11.778940 7.764026
v -1.572211 -11.734350 7.025398
v -1.497236 -11.734350 -7.947264
v -1.454087 -11.778940 7.147361
v -1.627236 -11.734350 -7.947264
v -1.379625 -11.734350 7.959763
v 1.535260 11.821000 7.811726
v -1.488076 -11.734350 7.959763
v -1.643178 -11.734350 6.880080
v -1.568839 -11.838940 7.854931
v -1.548964 -11.734350 7.273912
v -1.637325 -11.734350 7.594109
v -1.622728 -11.778940 7.882450
v -1.454087 -11.778940 7.084027
v -1.518947 -11.838940 7.893348
v -1.459704 -11.778940 7.020694
v -1.542334 -11.778940 7.212094
v -1.498100 -11.838940 7.211392
v -1.437236 -11.778940 6.705133
v -1.497492 -11.838940 6.705133
v -1.476556 -11.778940 6.885133
v -1.536918 -11.838940 6.883302
v -1.627130 -11.838940 6.705133
v -1.687236 -11.778940 6.705133
v -1.575804 -11.838940 6.882123
v -1.643178 -11.778940 6.880080
v -1.621194 -11.838940 6.764425
v -1.682278 -11.778940 6.764179
v -1.603645 -11.838940 6.823860
v -1.667403 -11.778940 6.823243
v -1.646313 -11.734350 7.778239
v -1.437236 -11.488940 6.638445
v -1.437236 -11.734350 6.637312
v -1.437236 -11.778940 6.637312
v -1.454884 -11.821370 6.637312
v -1.497491 -11.838940 6.637312
v -1.627130 -11.838940 6.637312
v -1.669631 -11.821370 6.637312
v -1.687236 -11.778940 6.637312
v -1.687236 -11.734350 6.637312
v -1.487912 -11.778940 7.530498
v -1.538626 -11.778940 7.951554
v -1.626128 -11.778940 7.530498
v 1.627236 -11.821370 -7.929690
v -1.471661 -11.821370 7.274006
v -1.471678 -11.821370 7.084410
v -1.553723 -11.821370 7.024625
v -1.477302 -11.821370 7.021430
v -1.490459 -11.821370 6.824955
v 1.497236 -11.821370 -7.929690
v -1.517868 -11.489000 7.778239
v -1.536133 -11.821370 7.085813
v -1.450591 -11.734350 6.765133
v -1.437236 -11.778940 -7.840410
v -1.450591 -11.488940 6.765133
v -1.472062 -11.488940 6.825133
v -1.469064 -11.821370 6.765058
v -1.494236 -11.821370 6.884597
v -1.550805 -11.838940 7.530498
v -1.687236 -11.778940 -7.840410
v -1.563431 -11.734350 7.332911
v -1.454087 -11.734350 7.274027
v -1.517868 -11.778940 7.651830
v -1.485099 -11.821370 6.958799
v -1.471661 -11.821370 7.147677
v -1.471661 -11.821370 7.210973
v -1.524696 -11.821370 7.211814
v -1.504154 -11.488940 7.594109
v -1.583662 -11.734350 7.925670
v -1.526369 -11.821370 7.148660
v -1.523202 -11.821370 7.594109
v -1.454809 -11.821370 -7.840410
v -1.669662 -11.778940 -7.929690
v -1.535559 -11.821370 7.651830
v -1.454884 -11.821370 6.705133
v 1.663161 11.814870 -7.923195
v -1.627236 -11.778940 -7.947264
v -1.434543 -11.838940 7.775588
v -1.452857 -11.778940 7.717696
v -1.497236 -11.838940 -7.887264
v -1.497236 -11.778940 -7.947264
v 1.437236 11.778940 -7.887264
v -1.450591 -11.778940 6.765133
v -1.513662 -11.838940 6.764879
v -1.472062 -11.778940 6.825133
v -1.534872 -11.838940 6.824525
v -1.519280 -11.838940 7.022759
v -1.572211 -11.778940 7.025398
v -1.554111 -11.778940 7.086204
v -1.507308 -11.838940 7.084868
v -1.498911 -11.838940 7.148166
v -1.544028 -11.778940 7.148977
v -1.637325 -11.778940 7.594109
v -1.454809 -11.821370 -7.887264
v -1.571233 -11.838940 7.594109
v -1.504154 -11.778940 7.594109
v -1.597563 -11.778940 6.968029
v -1.497236 -11.821370 -7.929690
v -1.507926 -11.838940 7.335170
v -1.669631 -11.821370 6.705133
v -1.454087 -11.488940 7.337361
v -1.467569 -11.488940 6.957361
v -1.472379 -11.488940 7.468981
v -1.664386 -11.821370 6.764251
v -1.497236 -11.838940 -7.840410
v -1.648729 -11.821370 6.823423
v -1.623445 -11.821370 6.880678
v -1.669662 -11.821370 -7.840410
v -1.517868 -11.488940 7.651830
v -1.578799 -11.821370 6.966489
v -1.531083 -11.821370 7.273934
v -1.627235 -11.838940 -7.840410
v -1.619511 -11.821370 7.594109
v -1.471658 -11.821370 7.336646
v -1.487912 -11.488940 7.530498
v -1.545372 -11.821370 7.333646
v -1.490263 -11.821370 7.468981
v -1.507152 -11.821370 7.530498
v -1.607988 -11.821370 7.530498
v -1.588171 -11.821370 7.468981
v -1.628633 -11.821370 7.651830
v -1.646313 -11.734350 7.651830
v -1.476556 -11.488940 6.885133
v -1.437236 -11.488940 6.705133
v -1.486322 -11.821370 7.942190
v -1.582109 -11.838940 7.651830
v -1.646313 -11.778940 7.651830
v -1.669662 -11.821370 -7.887264
v -1.548964 -11.778940 7.273912
v -1.454087 -11.488940 7.274027
v -1.454087 -11.488940 7.210694
v -1.454087 -11.488940 7.147361
v -1.454087 -11.488940 7.084027
v -1.459704 -11.488940 7.020694
v -1.532862 -11.821370 7.934506
v -1.572309 -11.821370 7.911469
v -1.606944 -11.821370 7.874390
v -1.628627 -11.821370 7.778239
v 1.497236 11.821370 -7.929690
v -1.496413 -11.821290 7.775007
v -1.512134 -11.829330 7.834292
v -1.447493 -11.821370 7.734652
v -1.382862 -11.821370 7.714838
v -1.472379 -11.778940 7.468981
v -1.627236 -11.821370 -7.929690
v -1.452857 -11.488950 7.717696
v -1.434612 -11.821370 7.942190
v -1.505174 -11.488980 7.764026
v -1.379625 -11.778940 7.959763
v -1.384202 -11.488940 7.697264
v 1.437236 11.488940 -7.597264
v 1.437236 11.734350 -7.840410
v -1.606607 -11.734350 7.468980
v -1.606607 -11.778940 7.468980
v -1.529979 -11.838940 7.468981
v 1.563431 -11.778940 7.332911
v 1.627236 -11.838940 -7.887264
v 1.687236 -11.734350 -7.840410
v 1.384202 -11.734350 7.697264
v 1.472379 -11.734350 7.468981
v 1.454809 -11.778940 -7.929690
v 1.487912 -11.734350 7.530498
v 1.504154 -11.734350 7.594109
v 1.454087 -11.778940 7.337361
v 1.467569 -11.734350 6.957361
v 1.530458 -11.838940 6.962272
v 1.622728 -11.734350 7.882450
v 1.583662 -11.778940 7.925670
v 1.437236 -11.734350 -7.840410
v 1.467569 -11.778940 6.957361
v 1.476556 -11.734350 6.885133
v 1.529979 11.838940 7.468981
v 1.606607 11.778940 7.468980
v 1.606607 11.734350 7.468980
v 1.437236 -11.488940 -7.597264
v 1.461305 11.814870 -7.923189
v 1.384202 11.488940 7.697264
v 1.379625 11.778940 7.959763
v 1.505174 11.488980 7.764026
v 1.434612 11.821370 7.942190
v 1.452857 11.488950 7.717696
v 1.627236 11.821370 -7.929690
v 1.472379 11.778940 7.468981
v 1.382862 11.821370 7.714838
v 1.447493 11.821370 7.734652
v 1.512134 11.829330 7.834292
v 1.496413 11.821290 7.775007
v -1.517868 -11.778940 7.778239
v 1.628627 11.821370 7.778239
v 1.606944 11.821370 7.874390
v 1.572309 11.821370 7.911469
v 1.532862 11.821370 7.934506
v 1.459704 11.488940 7.020694
v 1.454087 11.488940 7.084027
v 1.454087 11.488940 7.147361
v 1.454087 11.488940 7.210694
v 1.454087 11.488940 7.274027
v 1.548964 11.778940 7.273912
v 1.669662 11.821370 -7.887264
v 1.646313 11.778940 7.651830
v 1.582109 11.838940 7.651830
v 1.486322 11.821370 7.942190
v 1.437236 11.488940 6.705133
v 1.476556 11.488940 6.885133
v 1.646313 11.734350 7.651830
v 1.628633 11.821370 7.651830
v 1.588171 11.821370 7.468981
v 1.607988 11.821370 7.530498
v 1.507152 11.821370 7.530498
v 1.490263 11.821370 7.468981
v 1.545372 11.821370 7.333646
v 1.487912 11.488940 7.530498
v 1.471658 11.821370 7.336646
v 1.619511 11.821370 7.594109
v 1.627235 11.838940 -7.840410
v 1.531083 11.821370 7.273934
v 1.578799 11.821370 6.966489
v 1.517868 11.488940 7.651830
v 1.669662 11.821370 -7.840410
v 1.623445 11.821370 6.880678
v 1.648729 11.821370 6.823423
v 1.497236 11.838940 -7.840410
v 1.664386 11.821370 6.764251
v 1.472379 11.488940 7.468981
v 1.467569 11.488940 6.957361
v 1.454087 11.488940 7.337361
v 1.669631 11.821370 6.705133
v 1.459704 -11.734350 7.020694
v 1.472062 -11.734350 6.825133
v 1.597563 -11.734350 6.968029
v 1.454087 -11.734350 7.084027
v 1.454087 -11.734350 7.210694
v 1.454087 -11.734350 7.337361
v 1.452857 -11.734350 7.717696
v 1.641861 -11.734350 7.829970
v 1.507926 11.838940 7.335170
v -1.517868 -11.734350 7.778239
v 1.597563 11.778940 6.968029
v 1.504154 11.778940 7.594109
v 1.571233 11.838940 7.594109
v 1.454809 11.821370 -7.887264
v 1.637325 11.778940 7.594109
v 1.544028 11.778940 7.148977
v 1.498911 11.838940 7.148166
v 1.507308 11.838940 7.084868
v 1.554111 11.778940 7.086204
v 1.572211 11.778940 7.025398
v 1.519280 11.838940 7.022759
v 1.534872 11.838940 6.824525
v 1.472062 11.778940 6.825133
v 1.513662 11.838940 6.764879
v 1.450591 11.778940 6.765133
v -1.535260 -11.821000 7.811726
v 1.497236 11.778940 -7.947264
v 1.497236 11.838940 -7.887264
v 1.452857 11.778940 7.717696
v 1.434543 11.838940 7.775588
v 1.627236 11.778940 -7.947264
v -1.687236 -11.778940 -7.887264
v 1.454884 11.821370 6.705133
v 1.535559 11.821370 7.651830
v 1.669662 11.778940 -7.929690
v 1.454809 11.821370 -7.840410
v 1.523202 11.821370 7.594109
v 1.526369 11.821370 7.148660
v 1.583662 11.734350 7.925670
v 1.504154 11.488940 7.594109
v 1.524696 11.821370 7.211814
v 1.471661 11.821370 7.210973
v 1.471661 11.821370 7.147677
v 1.485099 11.821370 6.958799
v 1.517868 11.778940 7.651830
v 1.454087 11.734350 7.274027
v 1.563431 11.734350 7.332911
v 1.687236 11.778940 -7.840410
v 1.550805 11.838940 7.530498
v 1.494236 11.821370 6.884597
v 1.469064 11.821370 6.765058
v 1.472062 11.488940 6.825133
v 1.450591 11.488940 6.765133
v 1.437236 11.778940 -7.840410
v 1.450591 11.734350 6.765133
v 1.536133 11.821370 7.085813
v 1.517868 11.489000 7.778239
v -1.687236 11.778940 -7.887264
v 1.490459 11.821370 6.824955
v 1.477302 11.821370 7.021430
v 1.553723 11.821370 7.024625
v 1.471678 11.821370 7.084410
v 1.471661 11.821370 7.274006
v 1.517868 11.734350 7.778239
v 1.626128 11.778940 7.530498
v 1.538626 11.778940 7.951554
v 1.487912 11.778940 7.530498
v 1.687236 11.734350 6.637312
v 1.687236 11.778940 6.637312
v 1.669631 11.821370 6.637312
v 1.627130 11.838940 6.637312
v 1.497491 11.838940 6.637312
v 1.454884 11.821370 6.637312
v 1.437236 11.778940 6.637312
v 1.437236 11.734350 6.637312
v 1.437236 11.488940 6.638445
v 1.646313 11.734350 7.778239
v 1.667403 11.778940 6.823243
v 1.603645 11.838940 6.823860
v 1.682278 11.778940 6.764179
v 1.621194 11.838940 6.764425
v 1.643178 11.778940 6.880080
v 1.575804 11.838940 6.882123
v 1.687236 11.778940 6.705133
v 1.627130 11.838940 6.705133
v 1.536918 11.838940 6.883302
v 1.476556 11.778940 6.885133
v 1.497492 11.838940 6.705133
v 1.437236 11.778940 6.705133
v 1.498100 11.838940 7.211392
v 1.542334 11.778940 7.212094
v 1.459704 11.778940 7.020694
v 1.518947 11.838940 7.893348
v 1.454087 11.778940 7.084027
v 1.622728 11.778940 7.882450
v 1.637325 11.734350 7.594109
v 1.548964 11.734350 7.273912
v 1.568839 11.838940 7.854931
v 1.643178 11.734350 6.880080
v 1.488076 11.734350 7.959763
v -1.572309 11.821370 7.911469
v 1.379625 11.734350 7.959763
v 1.627236 11.734350 -7.947264
v 1.454087 11.778940 7.147361
v 1.497236 11.734350 -7.947264
v 1.572211 11.734350 7.025398
v 1.505174 11.778940 7.764026
v 1.454087 11.778940 7.210694
v 1.437236 11.734350 -7.887264
v 1.626128 11.734350 7.530498
v 1.667403 11.734350 6.823243
v 1.669662 11.734350 -7.929690
v 1.501002 11.838940 7.273954
v 1.687236 11.734350 6.705133
v 1.682278 11.734350 6.764179
v 1.454087 11.778940 7.274027
v 1.480652 11.838960 7.809480
v -1.461305 -11.814870 -7.923189
v 1.454809 11.734350 -7.929690
v 1.379625 11.838940 7.899763
v 1.482088 11.838940 7.899763
v 1.488076 11.778940 7.959763
v 1.579734 11.838940 7.778239
v 1.646313 11.778940 7.778239
v 1.434612 11.838940 7.899763
v 1.434612 11.778940 7.959763
v 1.379625 11.838940 7.757264
v 1.384202 11.778940 7.697264
v 1.379625 11.821370 7.942190
v 1.434612 11.734350 7.959763
v 1.544028 11.734350 7.148977
v 1.542334 11.734350 7.212094
v 1.437236 11.734350 6.705133
v 1.517868 11.734350 7.651830
v 1.454087 11.734350 7.147361
v 1.687236 11.734350 -7.887264
v 1.554111 11.734350 7.086204
v 1.538626 11.734350 7.951554
v 1.379625 11.838940 7.828514
v 1.434578 11.838940 7.837676
v 1.481370 11.838950 7.854622
v 1.518000 11.838970 7.861745
v 1.547120 11.837140 7.838829
v 1.580121 11.838940 7.818028
v 1.624684 11.821370 7.826521
v 1.641861 11.778940 7.829970
v 1.505174 11.734350 7.764026
v 1.641861 11.734350 7.829970
v 1.452857 11.734350 7.717696
v 1.454087 11.734350 7.337361
v 1.454087 11.734350 7.210694
v 1.454087 11.734350 7.084027
v 1.597563 11.734350 6.968029
v 1.472062 11.734350 6.825133
v 1.459704 11.734350 7.020694
v 1.476556 11.734350 6.885133
v 1.467569 11.778940 6.957361
v 1.544898 11.838940 7.877182
v 1.583662 11.778940 7.925670
v 1.622728 11.734350 7.882450
v 1.530458 11.838940 6.962272
v 1.467569 11.734350 6.957361
v 1.454087 11.778940 7.337361
v 1.504154 11.734350 7.594109
v 1.487912 11.734350 7.530498
v 1.454809 11.778940 -7.929690
v 1.472379 11.734350 7.468981
v 1.384202 11.734350 7.697264
v 1.687236 11.734350 -7.840410
v 1.627236 11.838940 -7.887264
v 1.563431 11.778940 7.332911
v 1.505174 -11.734350 7.764026
v 1.641861 -11.778940 7.829970
v 1.624684 -11.821370 7.826521
v 1.580121 -11.838940 7.818028
v -1.437236 -11.778940 -7.887264
v 1.518000 -11.838970 7.861745
v 1.481370 -11.838950 7.854622
v 1.434578 -11.838940 7.837676
v 1.379625 -11.838940 7.828514
v 1.538626 -11.734350 7.951554
v 1.554111 -11.734350 7.086204
v 1.687236 -11.734350 -7.887264
v 1.454087 -11.734350 7.147361
v 1.517868 -11.734350 7.651830
v 1.437236 -11.734350 6.705133
v 1.542334 -11.734350 7.212094
v 1.544028 -11.734350 7.148977
v 1.434612 -11.734350 7.959763
v 1.379625 -11.821370 7.942190
v 1.384202 -11.778940 7.697264
v 1.379625 -11.838940 7.757264
v 1.434612 -11.778940 7.959763
v 1.434612 -11.838940 7.899763
v 1.646313 -11.778940 7.778239
v 1.579734 -11.838940 7.778239
v 1.488076 -11.778940 7.959763
v 1.482088 -11.838940 7.899763
v 1.379625 -11.838940 7.899763
v 1.454809 -11.734350 -7.929690
v -1.663161 -11.814870 -7.923195
v 1.480652 -11.838960 7.809480
v 1.454087 -11.778940 7.274027
v 1.682278 -11.734350 6.764179
v 1.687236 -11.734350 6.705133
v 1.501002 -11.838940 7.273954
v 1.669662 -11.734350 -7.929690
v 1.667403 -11.734350 6.823243
v 1.626128 -11.734350 7.530498
v 1.437236 -11.734350 -7.887264
v 1.454087 -11.778940 7.210694
v 1.505174 -11.778940 7.764026
v 1.572211 -11.734350 7.025398
v 1.497236 -11.734350 -7.947264
v 1.454087 -11.778940 7.147361
v 1.627236 -11.734350 -7.947264
v 1.379625 -11.734350 7.959763
v -1.461305 11.814870 -7.923189
v 1.488076 -11.734350 7.959763
v 1.643178 -11.734350 6.880080
v 1.568839 -11.838940 7.854931
v 1.548964 -11.734350 7.273912
v 1.637325 -11.734350 7.594109
v 1.622728 -11.778940 7.882450
v 1.454087 -11.778940 7.084027
v 1.518947 -11.838940 7.893348
v 1.459704 -11.778940 7.020694
v 1.542334 -11.778940 7.212094
v 1.498100 -11.838940 7.211392
v 1.437236 -11.778940 6.705133
v 1.497492 -11.838940 6.705133
v 1.476556 -11.778940 6.885133
v 1.536918 -11.838940 6.883302
v 1.627130 -11.838940 6.705133
v 1.687236 -11.778940 6.705133
v 1.575804 -11.838940 6.882123
v 1.643178 -11.778940 6.880080
v 1.621194 -11.838940 6.764425
v 1.682278 -11.778940 6.764179
v 1.603645 -11.838940 6.823860
v 1.667403 -11.778940 6.823243
v 1.646313 -11.734350 7.778239
v 1.437236 -11.488940 6.638445
v 1.437236 -11.734350 6.637312
v 1.437236 -11.778940 6.637312
v 1.454884 -11.821370 6.637312
v 1.497491 -11.838940 6.637312
v 1.627130 -11.838940 6.637312
v 1.669631 -11.821370 6.637312
v 1.687236 -11.778940 6.637312
v 1.687236 -11.734350 6.637312
v 1.487912 -11.778940 7.530498
v 1.538626 -11.778940 7.951554
v 1.626128 -11.778940 7.530498
v -1.437236 11.778940 -7.887264
v 1.471661 -11.821370 7.274006
v 1.471678 -11.821370 7.084410
v 1.553723 -11.821370 7.024625
v 1.477302 -11.821370 7.021430
v 1.490459 -11.821370 6.824955
v -1.627236 11.821370 -7.929690
v -1.437236 -11.488940 -7.597264
v 1.536133 -11.821370 7.085813
v 1.450591 -11.734350 6.765133
v 1.437236 -11.778940 -7.840410
v 1.450591 -11.488940 6.765133
v 1.472062 -11.488940 6.825133
v 1.469064 -11.821370 6.765058
v 1.494236 -11.821370 6.884597
v 1.550805 -11.838940 7.530498
v 1.687236 -11.778940 -7.840410
v 1.563431 -11.734350 7.332911
v 1.454087 -11.734350 7.274027
v 1.517868 -11.778940 7.651830
v 1.485099 -11.821370 6.958799
v 1.471661 -11.821370 7.147677
v 1.471661 -11.821370 7.210973
v 1.524696 -11.821370 7.211814
v 1.504154 -11.488940 7.594109
v 1.583662 -11.734350 7.925670
v 1.526369 -11.821370 7.148660
v 1.523202 -11.821370 7.594109
v 1.454809 -11.821370 -7.840410
v 1.669662 -11.778940 -7.929690
v 1.535559 -11.821370 7.651830
v 1.454884 -11.821370 6.705133
v 1.687236 -11.778940 -7.887264
v 1.627236 -11.778940 -7.947264
v 1.434543 -11.838940 7.775588
v 1.452857 -11.778940 7.717696
v 1.497236 -11.838940 -7.887264
v 1.497236 -11.778940 -7.947264
v 1.437236 -11.778940 -7.887264
v 1.450591 -11.778940 6.765133
v 1.513662 -11.838940 6.764879
v 1.472062 -11.778940 6.825133
v 1.534872 -11.838940 6.824525
v 1.519280 -11.838940 7.022759
v 1.572211 -11.778940 7.025398
v 1.554111 -11.778940 7.086204
v 1.507308 -11.838940 7.084868
v 1.498911 -11.838940 7.148166
v 1.544028 -11.778940 7.148977
v 1.637325 -11.778940 7.594109
v 1.454809 -11.821370 -7.887264
v 1.571233 -11.838940 7.594109
v 1.504154 -11.778940 7.594109
v 1.597563 -11.778940 6.968029
v -1.437236 -11.734350 -7.840410
v 1.507926 -11.838940 7.335170
v 1.669631 -11.821370 6.705133
v 1.454087 -11.488940 7.337361
v 1.467569 -11.488940 6.957361
v 1.472379 -11.488940 7.468981
v 1.664386 -11.821370 6.764251
v 1.497236 -11.838940 -7.840410
v 1.648729 -11.821370 6.823423
v 1.623445 -11.821370 6.880678
v 1.669662 -11.821370 -7.840410
v 1.517868 -11.488940 7.651830
v 1.578799 -11.821370 6.966489
v 1.531083 -11.821370 7.273934
v 1.627235 -11.838940 -7.840410
v 1.619511 -11.821370 7.594109
v 1.471658 -11.821370 7.336646
v 1.487912 -11.488940 7.530498
v 1.545372 -11.821370 7.333646
v 1.490263 -11.821370 7.468981
v 1.507152 -11.821370 7.530498
v 1.607988 -11.821370 7.530498
v 1.588171 -11.821370 7.468981
v 1.628633 -11.821370 7.651830
v 1.646313 -11.734350 7.651830
v 1.476556 -11.488940 6.885133
v 1.437236 -11.488940 6.705133
v 1.486322 -11.821370 7.942190
v 1.582109 -11.838940 7.651830
v 1.646313 -11.778940 7.651830
v 1.669662 -11.821370 -7.887264
v 1.548964 -11.778940 7.273912
v 1.454087 -11.488940 7.274027
v 1.454087 -11.488940 7.210694
v 1.454087 -11.488940 7.147361
v 1.454087 -11.488940 7.084027
v 1.459704 -11.488940 7.020694
v 1.532862 -11.821370 7.934506
v -1.437236 11.734350 -7.840410
v 1.606944 -11.821370 7.874390
v 1.628627 -11.821370 7.778239
v 1.535260 -11.821000 7.811726
v 1.496413 -11.821290 7.775007
v 1.512134 -11.829330 7.834292
v 1.447493 -11.821370 7.734652
v 1.382862 -11.821370 7.714838
v 1.472379 -11.778940 7.468981
v -1.437236 11.488940 -7.597264
v 1.452857 -11.488950 7.717696
v 1.434612 -11.821370 7.942190
v 1.505174 -11.488980 7.764026
v 1.379625 -11.778940 7.959763
v 1.384202 -11.488940 7.697264
v 1.461305 -11.814870 -7.923189
v 1.663161 -11.814870 -7.923195
v 1.606607 -11.734350 7.468980
v 1.606607 -11.778940 7.468980
v 1.529979 -11.838940 7.468981
v -1.320000 11.488940 7.697264
v 1.320000 11.488940 7.697264
v -1.320000 11.734350 7.697264
v 1.320000 11.734350 7.697264
v -1.320000 11.778940 7.697264
v 1.320000 11.778940 7.697264
v -1.320000 11.821370 7.714838
v 1.320000 11.821370 7.714838
v -1.320000 11.838940 7.757264
v 1.320000 11.838940 7.757264
v -1.320000 11.838940 7.828514
v 1.320000 11.838940 7.828514
v -1.320000 11.838940 7.899763
v 1.320000 11.838940 7.899763
v -1.320000 11.821370 7.942190
v 1.320000 11.821370 7.942190
v -1.320000 11.778940 7.959763
v 1.320000 11.778940 7.959763
v -1.320000 11.734350 7.959763
v 1.320000 11.734350 7.959763
v -1.320000 -11.734350 7.959763
v 1.320000 -11.734350 7.959763
v -1.320000 -11.778940 7.959763
v 1.320000 -11.778940 7.959763
v -1.320000 -11.821370 7.942190
v 1.320000 -11.821370 7.942190
v -1.320000 -11.838940 7.899763
v 1.320000 -11.838940 7.899763
v -1.320000 -11.838940 7.828514
v 1.320000 -11.838940 7.828514
v -1.320000 -11.838940 7.757264
v 1.320000 -11.838940 7.757264
v -1.320000 -11.821370 7.714838
v 1.320000 -11.821370 7.714838
v -1.320000 -11.778940 7.697264
v 1.320000 -11.778940 7.697264
v -1.320000 -11.734350 7.697264
v 1.320000 -11.734350 7.697264
v 1.320000 -11.488940 7.697264
v -1.320000 -11.488940 7.697264
v 1.534078 -11.619680 7.623690
v -1.534078 -11.619680 7.623690
v -1.534078 -11.653580 7.645958
v -1.534078 -11.675850 7.679859
v 1.534078 -11.682870 7.716668
v 1.534078 -11.582870 7.616668
v -1.534078 -11.582870 7.616668
v -1.534078 -11.682870 7.716668
v 1.534078 -11.653580 7.645958
v 1.534078 -11.482870 7.616668
v 1.534078 -11.682870 7.816668
v -1.534078 -11.482870 7.616668
v -1.534078 -11.682870 7.816668
v 1.534078 -11.675850 7.679859
v 0.000000 -11.682870 7.779866
v 0.000000 -11.482870 7.579866
v 0.000000 -11.582870 7.579866
v 0.000000 -11.619680 7.586888
v 0.000000 -11.653580 7.609156
v 0.000000 -11.675850 7.643057
v 0.000000 -11.682870 7.679866
v -1.400000 -11.682870 7.779866
v 1.400000 -11.682870 7.779866
v 1.400000 -11.682870 7.679866
v -1.400000 -11.682870 7.679866
v 1.400000 -11.675850 7.643057
v -1.400000 -11.675850 7.643057
v 1.400000 -11.653580 7.609156
v -1.400000 -11.653580 7.609156
v 1.400000 -11.619680 7.586888
v -1.400000 -11.619680 7.586888
v -1.400000 -11.582870 7.579866
v 1.400000 -11.582870 7.579866
v 1.400000 -11.482870 7.579866
v -1.400000 -11.482870 7.579866
v -1.467039 -11.682870 7.786361
v -1.467039 -11.682870 7.686361
v -1.467039 -11.675850 7.649551
v -1.467039 -11.653580 7.615650
v -1.467039 -11.619680 7.593382
v -1.467039 -11.582870 7.586361
v -1.467039 -11.482870 7.586361
v 1.467039 -11.682870 7.786361
v 1.467039 -11.682870 7.686361
v 1.467039 -11.675850 7.649551
v 1.467039 -11.653580 7.615650
v 1.467039 -11.619680 7.593382
v 1.467039 -11.582870 7.586361
v 1.467039 -11.482870 7.586361
v -1.340000 -11.682870 7.779866
v 1.340000 -11.682870 7.779866
v 1.340000 -11.482870 7.579866
v -1.340000 -11.482870 7.579866
v 1.340000 -11.582870 7.579866
v -1.340000 -11.582870 7.579866
v -1.340000 -11.619680 7.586888
v 1.340000 -11.619680 7.586888
v -1.340000 -11.653580 7.609156
v 1.340000 -11.653580 7.609156
v -1.340000 -11.682870 7.679866
v 1.340000 -11.682870 7.679866
v -1.340000 -11.675850 7.643057
v 1.340000 -11.675850 7.643057
v 1.340000 11.675850 7.643057
v -1.340000 11.675850 7.643057
v 1.340000 11.682870 7.679866
v -1.340000 11.682870 7.679866
v 1.340000 11.653580 7.609156
v -1.340000 11.653580 7.609156
v 1.340000 11.619680 7.586888
v -1.340000 11.619680 7.586888
v -1.340000 11.582870 7.579866
v 1.340000 11.582870 7.579866
v -1.340000 11.482870 7.579866
v 1.340000 11.482870 7.579866
v 1.340000 11.682870 7.779866
v -1.340000 11.682870 7.779866
v 1.467039 11.482870 7.586361
v 1.467039 11.582870 7.586361
v 1.467039 11.619680 7.593382
v 1.467039 11.653580 7.615650
v 1.467039 11.675850 7.649551
v 1.467039 11.682870 7.686361
v 1.467039 11.682870 7.786361
v -1.467039 11.482870 7.586361
v -1.467039 11.582870 7.586361
v -1.467039 11.619680 7.593382
v -1.467039 11.653580 7.615650
v -1.467039 11.675850 7.649551
v -1.467039 11.682870 7.686361
v -1.467039 11.682870 7.786361
v -1.400000 11.482870 7.579866
v 1.400000 11.482870 7.579866
v 1.400000 11.582870 7.579866
v -1.400000 11.582870 7.579866
v -1.400000 11.619680 7.586888
v 1.400000 11.619680 7.586888
v -1.400000 11.653580 7.609156
v 1.400000 11.653580 7.609156
v -1.400000 11.675850 7.643057
v 1.400000 11.675850 7.643057
v -1.400000 11.682870 7.679866
v 1.400000 11.682870 7.679866
v 1.400000 11.682870 7.779866
v -1.400000 11.682870 7.779866
v 0.000000 11.682870 7.679866
v 0.000000 11.675850 7.643057
v 0.000000 11.653580 7.609156
v 0.000000 11.619680 7.586888
v 0.000000 11.582870 7.579866
v 0.000000 11.482870 7.579866
v 0.000000 11.682870 7.779866
v 1.534078 11.675850 7.679859
v -1.534078 11.682870 7.816668
v -1.534078 11.482870 7.616668
v 1.534078 11.682870 7.816668
v 1.534078 11.482870 7.616668
v 1.534078 11.653580 7.645958
v -1.534078 11.682870 7.716668
v -1.534078 11.582870 7.616668
v 1.534078 11.582870 7.616668
v 1.534078 11.682870 7.716668
v -1.534078 11.675850 7.679859
v -1.534078 11.653580 7.645958
v -1.534078 11.619680 7.623690
v 1.534078 11.619680 7.623690
v -1.526947 11.488940 7.788328
v 1.526947 11.488940 -7.597264
v -1.526947 11.488940 -7.597264
v 1.526947 11.488940 7.788328
v 1.526947 -11.488940 -7.597264
v 1.526947 11.488940 -7.597264
v -1.526947 11.488940 -7.597264
v -1.526947 -11.488940 -7.597264
v 1.526947 -11.488940 -7.597264
v 1.526947 -11.488940 7.788328
v -1.526947 -11.488940 7.788328
v -1.526947 -11.488940 -7.597264
v -1.572309 11.821370 7.911469
v -1.535260 11.821000 7.811726
v -1.437236 11.734350 -7.840410
v -1.517868 11.778940 7.778239
v -1.517868 11.734350 7.778239
v -1.663161 11.814870 -7.923195
v -1.627236 11.821370 -7.929690
v -1.461305 11.814870 -7.923189
v -1.547120 11.837140 7.838829
v -1.437236 11.778940 -7.887264
v -1.687236 11.778940 -7.887264
v -1.437236 11.488940 -7.597264
v -1.544898 11.838940 7.877182
v -1.497236 11.821370 -7.929690
v -1.687236 11.778940 -7.887264
v -1.437236 -11.778940 -7.887264
v -1.437236 -11.734350 -7.840410
v -1.687236 -11.778940 -7.887264
v -1.544898 -11.838940 7.877182
v -1.461305 -11.814870 -7.923189
v -1.663161 -11.814870 -7.923195
v -1.687236 -11.778940 -7.887264
v -1.535260 -11.821000 7.811726
v -1.517868 -11.489000 7.778239
v -1.517868 -11.778940 7.778239
v -1.627236 -11.821370 -7.929690
v 1.517868 11.778940 7.778239
v 1.437236 11.734350 -7.840410
v 1.517868 11.489000 7.778239
v 1.535260 11.821000 7.811726
v 1.687236 11.778940 -7.887264
v 1.663161 11.814870 -7.923195
v 1.461305 11.814870 -7.923189
v 1.544898 11.838940 7.877182
v 1.437236 11.778940 -7.887264
v 1.687236 11.778940 -7.887264
v 1.627236 11.821370 -7.929690
v 1.437236 -11.778940 -7.887264
v 1.547120 -11.837140 7.838829
v 1.437236 -11.734350 -7.840410
v 1.437236 -11.488940 -7.597264
v 1.687236 -11.778940 -7.887264
v 1.544898 -11.838940 7.877182
v 1.572309 -11.821370 7.911469
v 1.535260 -11.821000 7.811726
v 1.461305 -11.814870 -7.923189
v 1.497236 -11.821370 -7.929690
v 1.663161 -11.814870 -7.923195
v 1.687236 -11.778940 -7.887264
v 1.517868 -11.734350 7.778239
v 1.627236 -11.821370 -7.929690
v 1.517868 -11.778940 7.778239
v -1.517868 11.489000 7.778239
v -1.547120 -11.837140 7.838829
v -1.437236 -11.488940 -7.597264
v -1.572309 -11.821370 7.911469
v -1.497236 -11.821370 -7.929690
v -1.517868 -11.734350 7.778239
v 1.497236 11.821370 -7.929690
v 1.572309 11.821370 7.911469
v 1.517868 11.734350 7.778239
v 1.547120 11.837140 7.838829
v 1.437236 11.488940 -7.597264
v 1.517868 -11.489000 7.778239
vn -0.0000 -1.0000 -0.0000
vn -0.0000 -0.0000 -1.0000
vn -0.0000 1.0000 -0.0000
vn 0.1119 0.9217 -0.3713
vn 0.0313 0.9951 -0.0939
vn 0.1393 0.9411 -0.3080
vn 0.1948 0.6960 -0.6911
vn 0.2836 0.7253 -0.6273
vn 0.2443 0.3673 -0.8974
vn 0.3766 0.4056 -0.8329
vn -0.3862 0.3483 -0.8541
vn -0.2631 0.3367 -0.9041
vn -0.4104 0.0860 -0.9078
vn 0.2040 -0.0000 -0.9790
vn 0.2571 0.0923 -0.9620
vn 0.4119 -0.0000 -0.9112
vn -0.0202 0.9954 -0.0940
vn -0.0910 0.9233 -0.3731
vn -0.0152 0.9496 -0.3132
vn -0.1797 0.6959 -0.6953
vn -0.0318 0.7538 -0.6564
vn -0.0373 0.4013 -0.9152
vn 0.0394 0.3488 -0.9364
vn -0.3105 -0.0000 -0.9506
vn -0.2248 0.0727 -0.9717
vn -0.0483 -0.0000 -0.9988
vn -0.0036 0.9972 -0.0753
vn -0.0000 0.9956 -0.0941
vn -0.0000 0.9000 -0.4359
vn -0.0000 0.6567 -0.7541
vn 0.0578 0.0752 -0.9955
vn -0.0000 0.0941 -0.9956
vn -0.0575 0.1127 -0.9920
vn 0.0073 0.9936 -0.1129
vn 0.0211 0.9267 -0.3753
vn 0.0365 0.7068 -0.7065
vn 0.0322 -0.0000 -0.9995
vn -0.1925 0.8841 -0.4257
vn -0.0565 0.9905 -0.1250
vn -0.3218 0.6242 -0.7119
vn -0.4119 -0.0000 -0.9112
vn 0.0283 0.9976 -0.0625
vn 0.4092 0.1146 -0.9052
vn -0.0000 0.9497 -0.3132
vn -0.0000 0.7541 -0.6568
vn -0.0000 0.3754 -0.9269
vn -0.0000 -0.9956 -0.0941
vn -0.0000 -0.0941 -0.9956
vn -0.0000 -0.3754 -0.9269
vn -0.0000 -0.7541 -0.6568
vn -0.0000 -0.6567 -0.7541
vn -0.0000 -0.9497 -0.3132
vn -0.0000 -0.9000 -0.4359
vn 0.2571 -0.0923 -0.9620
vn 0.0578 -0.0752 -0.9955
vn 0.4092 -0.1146 -0.9052
vn 0.2443 -0.3673 -0.8974
vn 0.1948 -0.6960 -0.6911
vn 0.0365 -0.7068 -0.7065
vn 0.1119 -0.9218 -0.3713
vn 0.0211 -0.9267 -0.3753
vn 0.0313 -0.9951 -0.0939
vn 0.0073 -0.9936 -0.1129
vn 0.0283 -0.9976 -0.0625
vn -0.2248 -0.0727 -0.9717
vn -0.4104 -0.0859 -0.9078
vn -0.0575 -0.1127 -0.9920
vn -0.2631 -0.3367 -0.9041
vn -0.1797 -0.6959 -0.6953
vn -0.3218 -0.6242 -0.7119
vn -0.0910 -0.9233 -0.3731
vn -0.1925 -0.8841 -0.4257
vn -0.0202 -0.9954 -0.0940
vn -0.0565 -0.9905 -0.1250
vn -0.0036 -0.9972 -0.0753
vn -0.0373 -0.4013 -0.9152
vn 0.0394 -0.3488 -0.9364
vn -0.0318 -0.7538 -0.6564
vn -0.0152 -0.9496 -0.3132
vn 0.2836 -0.7253 -0.6273
vn 0.3766 -0.4055 -0.8329
vn 0.1393 -0.9411 -0.3080
vn -0.0000 -0.0000 1.0000
vn -0.0000 -0.1298 0.9915
vn -0.0000 -0.2595 -0.9657
vn -0.0000 -0.1671 -0.9859
vn -0.0000 -0.9657 0.2595
vn -0.0000 -0.9859 0.1671
vn -0.0000 -0.2339 0.9723
vn -0.0000 -0.6037 0.7972
vn -0.0000 -0.7071 0.7071
vn -0.0000 -0.9915 -0.1297
vn -0.0000 -0.9749 -0.2228
vn -0.0000 -0.7972 -0.6037
vn -0.0000 -0.6463 -0.7631
vn -0.0000 0.1298 -0.9915
vn -0.0000 0.2228 -0.9749
vn -0.0000 0.6038 -0.7972
vn -0.0000 0.7631 -0.6463
vn -0.0000 0.9657 -0.2595
vn -0.0000 0.9859 -0.1671
vn -0.0000 0.9915 0.1297
vn -0.0000 0.9808 0.1950
vn -0.0000 0.7972 0.6037
vn -0.0000 0.6641 0.7477
vn -0.0000 0.2595 0.9657
vn -0.0000 0.1560 0.9878
vn 0.2058 -0.9784 0.0184
vn -0.7597 -0.6502 -0.0104
vn 0.0108 -0.9996 0.0279
vn -0.7212 -0.6909 -0.0507
vn -0.0684 -0.9976 -0.0045
vn -0.9808 -0.1951 -0.0000
vn -0.7673 -0.6413 0.0045
vn 0.9704 -0.1563 -0.1841
vn 0.7421 -0.6604 -0.1145
vn 0.9787 -0.1962 -0.0604
vn -0.7475 -0.6642 0.0102
vn -0.9707 -0.2341 0.0541
vn -0.1941 -0.9810 -0.0046
vn -0.7002 -0.7137 -0.0189
vn -0.1618 -0.9865 0.0241
vn 0.9313 -0.1563 0.3291
vn 0.6956 -0.6808 0.2294
vn 0.8817 -0.2212 0.4168
vn -0.7007 -0.7086 -0.0830
vn -0.0042 -0.9989 0.0473
vn 0.9713 -0.1564 0.1789
vn 0.6942 -0.7094 0.1218
vn 0.9790 -0.1960 0.0555
vn -0.6799 -0.7123 0.1745
vn -0.1855 -0.9808 0.0608
vn -0.6820 -0.7068 0.1882
vn -0.1913 -0.9810 0.0320
vn -0.9398 -0.2409 0.2423
vn -0.6739 -0.7165 0.1803
vn -0.9499 -0.2046 0.2364
vn -0.9876 -0.1566 -0.0039
vn -0.9675 -0.2225 -0.1202
vn -0.9878 -0.1559 -0.0000
vn 0.7692 -0.6388 -0.0141
vn 0.9712 -0.2242 0.0802
vn -0.6747 -0.7216 0.1551
vn -0.9771 -0.1704 0.1272
vn -0.6962 -0.7163 0.0478
vn -0.9655 -0.2603 -0.0003
vn -0.0085 -0.9999 -0.0108
vn -0.9859 -0.1676 -0.0000
vn -0.7060 -0.7082 -0.0000
vn -0.9591 -0.2618 0.1076
vn 0.2350 -0.1693 -0.9571
vn 0.0834 -0.7047 -0.7046
vn -0.1452 -0.2017 -0.9686
vn 0.9859 -0.1674 -0.0000
vn 0.7066 -0.7076 -0.0000
vn 0.9657 -0.2596 -0.0000
vn 0.1532 -0.9877 0.0302
vn 0.2235 -0.9716 0.0771
vn 0.6598 -0.7082 0.2513
vn 0.1786 -0.9800 0.0883
vn 0.6325 -0.7077 0.3148
vn -0.1328 -0.9911 0.0008
vn 0.0393 -0.9987 -0.0330
vn -0.1191 -0.9923 0.0350
vn 0.6594 -0.7323 -0.1699
vn -0.0144 -0.9999 0.0089
vn 0.6855 -0.7190 -0.1151
vn -0.0001 -1.0000 0.0035
vn -0.7200 -0.6905 0.0686
vn -0.9691 -0.1669 0.1818
vn 0.9348 -0.1944 -0.2973
vn 0.6627 -0.7208 -0.2030
vn 0.9375 -0.2225 -0.2675
vn -0.6949 -0.7011 0.1601
vn 0.9624 -0.1563 -0.2224
vn 0.6922 -0.7208 -0.0352
vn -0.0419 -0.9983 -0.0396
vn -0.0000 -0.1951 0.9808
vn 0.0526 -0.1958 0.9792
vn 0.0769 -0.7093 0.7007
vn 0.2718 -0.1989 0.9416
vn 0.2777 -0.7153 0.6413
vn 0.5749 -0.2000 0.7934
vn 0.4633 -0.7120 0.5277
vn 0.8035 -0.1978 0.5615
vn 0.9584 -0.1674 0.2310
vn 0.7437 -0.6541 0.1378
vn 0.9647 -0.2601 0.0408
vn 0.7439 -0.0726 -0.6644
vn -0.0096 -0.9204 -0.3908
vn 0.6921 -0.1710 -0.7012
vn 0.8863 -0.1933 0.4208
vn 0.9286 -0.1947 0.3158
vn 0.9067 -0.0000 0.4217
vn 0.4877 -0.6700 -0.5597
vn 0.5021 -0.1578 -0.8503
vn 0.2949 -0.7071 -0.6427
vn 0.1687 -0.2355 -0.9571
vn 0.9557 -0.0000 0.2943
vn 0.9905 -0.0000 0.1376
vn 0.5774 -0.5773 -0.5774
vn 0.9709 -0.1694 -0.1694
vn 0.7598 -0.0998 -0.6424
vn 0.9657 -0.0000 -0.2595
vn -0.9423 -0.1959 0.2715
vn -0.9586 -0.1991 0.2037
vn 0.2031 -0.9579 -0.2031
vn 0.7046 -0.7047 -0.0835
vn 0.1671 -0.9859 -0.0000
vn -0.0002 -1.0000 -0.0000
vn 0.0522 -0.9974 -0.0501
vn -0.0000 -0.9808 0.1951
vn -0.9806 -0.1671 -0.1021
vn -0.0000 -0.9878 0.1559
vn -0.0000 -0.7477 0.6641
vn 0.1762 -0.9674 -0.1817
vn 0.1996 -0.9726 -0.1192
vn 0.0133 -0.9725 0.2327
vn 0.0561 -0.9815 0.1833
vn 0.9309 -0.0000 0.3652
vn 0.9564 -0.1968 0.2158
vn 0.9699 -0.0000 0.2435
vn -0.1452 -0.9686 -0.2016
vn 0.1951 -0.9808 -0.0000
vn -0.1943 -0.9809 -0.0000
vn 0.6037 -0.0000 -0.7972
vn 0.1298 -0.0000 -0.9915
vn 1.0000 -0.0000 -0.0000
vn 0.7623 -0.6467 0.0249
vn -0.6424 -0.0998 -0.7598
vn -0.2596 -0.0000 -0.9657
vn 0.6462 -0.7632 -0.0000
vn 0.2217 -0.9751 0.0104
vn -0.9686 -0.1452 -0.2016
vn -0.7972 -0.0000 -0.6037
vn 0.9934 -0.0000 0.1149
vn 0.9998 -0.0000 -0.0177
vn -0.9723 -0.2339 -0.0000
vn -1.0000 -0.0000 -0.0000
vn 0.9886 -0.0000 -0.1508
vn 0.7115 -0.0000 -0.7027
vn -0.6422 -0.7637 0.0656
vn -0.7629 -0.6466 -0.0000
vn -0.9922 -0.0000 0.1249
vn -0.9973 -0.0000 0.0728
vn 0.7492 -0.6457 0.1476
vn 0.6916 -0.0000 -0.7222
vn 0.7458 -0.0000 -0.6661
vn -0.9970 -0.0000 0.0775
vn -0.9983 -0.0000 0.0591
vn -0.9958 -0.0000 0.0920
vn -0.9803 -0.1952 -0.0290
vn -0.9996 -0.0000 -0.0295
vn -0.9983 -0.0000 -0.0589
vn -0.9950 -0.0000 -0.1000
vn -0.9997 -0.0000 -0.0245
vn -0.9835 -0.0000 0.1811
vn -0.9983 -0.0000 -0.0577
vn -0.9782 -0.0000 0.2077
vn -0.9924 -0.0000 -0.1234
vn -0.9940 -0.0000 -0.1093
vn -0.9662 -0.0000 0.2576
vn -0.9547 -0.0000 0.2975
vn -0.9692 -0.0000 0.2461
vn -0.9710 -0.0000 0.2393
vn -0.9691 -0.0000 0.2466
vn 0.1077 -0.9790 -0.1733
vn -0.9902 -0.0000 0.1396
vn -0.9716 -0.0000 0.2366
vn -0.2592 -0.9658 -0.0000
vn -0.9835 -0.0000 0.1808
vn -0.7046 -0.7047 -0.0835
vn -0.9778 -0.0000 0.2094
vn 0.1647 -0.0000 -0.9863
vn 0.0960 -0.0000 -0.9954
vn -0.0268 -0.9810 -0.1920
vn 0.0856 -0.9890 0.1206
vn 0.5773 -0.5773 -0.5774
vn -0.5774 -0.5774 -0.5773
vn -0.1252 -0.7016 -0.7015
vn 0.4199 -0.0000 -0.9076
vn 0.8989 -0.0000 0.4381
vn 0.0477 -0.9727 -0.2273
vn 0.1856 -0.9821 0.0314
vn -0.1863 -0.9698 -0.1571
vn 0.2310 -0.9587 0.1661
vn 0.6223 -0.7124 0.3245
vn 0.0856 -0.9890 0.1207
vn 0.9778 -0.1957 -0.0750
vn -0.0659 -0.9978 0.0044
vn 0.9673 -0.1959 -0.1611
vn -0.9686 -0.1452 -0.2017
vn 0.5237 -0.0000 -0.8519
vn 0.9657 -0.0000 -0.2597
vn 0.9532 -0.0000 -0.3025
vn 0.9656 -0.0000 -0.2599
vn 0.0919 -0.0000 0.9958
vn 0.3913 -0.0000 0.9203
vn 0.9863 -0.0000 -0.1650
vn 0.9996 -0.0000 0.0279
vn 0.9957 -0.0000 -0.0926
vn 0.9993 -0.0000 0.0368
vn 0.8882 -0.0000 0.4594
vn 0.6680 -0.0000 0.7442
vn 0.6266 -0.7790 0.0221
vn 0.0700 -0.7088 -0.7019
vn 0.1687 0.2355 -0.9571
vn 0.0700 0.7088 -0.7019
vn 0.0477 0.9727 -0.2273
vn -0.0000 0.7071 0.7071
vn -0.0000 0.1951 0.9808
vn -0.1252 0.7016 -0.7015
vn -0.1452 0.9686 -0.2016
vn 0.0834 0.7047 -0.7046
vn 0.7623 0.6467 0.0249
vn 0.7066 0.7076 -0.0000
vn 0.2217 0.9751 0.0104
vn 0.9703 -0.0000 0.2418
vn 0.9988 -0.0000 0.0490
vn 0.9584 0.1674 0.2310
vn 0.7437 0.6541 0.1378
vn 0.6223 0.7124 0.3245
vn 0.6266 0.7790 0.0221
vn 0.1856 0.9821 0.0314
vn -0.1863 0.9698 -0.1572
vn 0.0856 0.9890 0.1207
vn -0.1863 0.9698 -0.1571
vn -0.0096 0.9204 -0.3908
vn -0.0268 0.9810 -0.1920
vn 0.1762 0.9674 -0.1817
vn 0.0522 0.9974 -0.0501
vn 0.1996 0.9726 -0.1191
vn -0.0002 1.0000 -0.0000
vn 0.8565 -0.0000 0.5161
vn 0.8035 0.1978 0.5615
vn 0.6278 -0.0000 0.7784
vn 0.9961 -0.0000 -0.0882
vn 0.9778 0.1957 -0.0750
vn 0.9862 -0.0000 -0.1656
vn 0.9673 0.1959 -0.1611
vn 0.9859 0.1674 -0.0000
vn 0.9991 -0.0000 0.0419
vn 0.9712 -0.0000 -0.2384
vn 0.9624 0.1563 -0.2224
vn 0.5749 0.2000 0.7934
vn 0.3347 -0.0000 0.9423
vn 0.2718 0.1989 0.9416
vn 0.0965 -0.0000 0.9953
vn 0.9808 -0.0000 -0.1951
vn 0.9709 0.1694 -0.1694
vn 0.9348 0.1944 -0.2973
vn 0.9627 -0.0000 -0.2705
vn 0.9375 0.2225 -0.2675
vn 0.9850 -0.0000 -0.1728
vn 0.9704 0.1563 -0.1841
vn 0.5021 0.1579 -0.8503
vn -0.7629 0.6466 -0.0000
vn -0.7046 0.7047 -0.0835
vn -0.9723 0.2339 -0.0000
vn 0.6598 0.7082 0.2513
vn 0.9286 0.1947 0.3158
vn 0.6942 0.7094 0.1218
vn 0.6325 0.7077 0.3148
vn 0.8863 0.1933 0.4208
vn 0.6307 0.7158 0.2997
vn 0.8817 0.2212 0.4168
vn 0.7000 0.6872 -0.1943
vn 0.7421 0.6604 -0.1145
vn 0.6855 0.7190 -0.1151
vn 0.6594 0.7323 -0.1699
vn 0.6922 0.7208 -0.0352
vn -0.6949 0.7011 0.1601
vn -0.0659 0.9978 0.0044
vn -0.7200 0.6905 0.0686
vn 0.0393 0.9987 -0.0330
vn 0.6627 0.7208 -0.2030
vn -0.6738 0.7166 0.1801
vn -0.1191 0.9923 0.0350
vn -0.6962 0.7163 0.0478
vn -0.0001 1.0000 0.0035
vn -0.6746 0.7217 0.1552
vn 0.9647 0.2601 0.0408
vn 0.0769 0.7093 0.7007
vn 0.0133 0.9725 0.2327
vn 0.2777 0.7153 0.6413
vn 0.0561 0.9815 0.1833
vn 0.4633 0.7119 0.5277
vn 0.7635 0.6420 0.0692
vn 0.2058 0.9784 0.0184
vn 0.7692 0.6388 -0.0141
vn 0.2310 0.9587 0.1661
vn 0.4633 0.7120 0.5277
vn -0.0418 0.9983 -0.0396
vn 0.4877 0.6700 -0.5597
vn 0.1077 0.9790 -0.1733
vn 0.2949 0.7071 -0.6427
vn 0.9077 -0.0000 0.4197
vn 0.8997 -0.0000 0.4365
vn -0.5774 0.5774 -0.5773
vn -0.1452 0.2017 -0.9686
vn 0.2031 0.9579 -0.2031
vn 0.5773 0.5774 -0.5774
vn 0.7492 0.6457 0.1476
vn 0.6956 0.6808 0.2294
vn 0.0108 0.9996 0.0279
vn 0.9564 0.1968 0.2158
vn 0.9712 0.2242 0.0802
vn -0.9691 0.1669 0.1818
vn -0.2592 0.9658 -0.0000
vn -0.7064 0.7078 -0.0000
vn -0.9771 0.1704 0.1272
vn 0.6462 0.7632 -0.0000
vn 0.9657 0.2596 -0.0000
vn 0.7046 0.7047 -0.0835
vn -0.9675 0.2225 -0.1201
vn -0.9499 0.2046 0.2364
vn -0.9423 0.1959 0.2715
vn -0.9586 0.1991 0.2037
vn -0.9806 0.1671 -0.1021
vn -0.7212 0.6909 -0.0507
vn -0.9803 0.1952 -0.0290
vn -0.7597 0.6502 -0.0104
vn -0.7007 0.7086 -0.0831
vn -0.9876 0.1566 -0.0039
vn -0.7475 0.6642 0.0102
vn -0.1328 0.9911 0.0008
vn -0.7673 0.6413 0.0045
vn -0.9878 0.1559 -0.0000
vn -0.9808 0.1951 -0.0000
vn 0.1532 0.9877 0.0302
vn -0.1855 0.9808 0.0608
vn -0.9859 0.1676 -0.0000
vn 0.2235 0.9716 0.0771
vn -0.1618 0.9865 0.0241
vn -0.0085 0.9999 -0.0108
vn -0.6422 0.7637 0.0656
vn -0.1943 0.9809 -0.0000
vn 0.7439 0.0726 -0.6644
vn 0.9992 -0.0000 -0.0400
vn 0.9787 0.1962 -0.0604
vn 0.9957 -0.0000 0.0929
vn 0.1786 0.9800 0.0883
vn 0.9750 -0.0000 0.2224
vn -0.9723 -0.0000 -0.2339
vn -0.9686 0.1452 -0.2016
vn -0.7071 -0.0000 -0.7071
vn -0.1913 0.9810 0.0320
vn 0.1951 0.9808 -0.0000
vn -0.6424 0.0998 -0.7598
vn -0.1951 -0.0000 -0.9808
vn 0.1951 -0.0000 -0.9808
vn 0.2350 0.1693 -0.9571
vn 0.7071 -0.0000 -0.7071
vn -0.6799 0.7123 0.1745
vn -0.7002 0.7137 -0.0189
vn 0.1671 0.9859 -0.0000
vn 0.0526 0.1958 0.9792
vn 0.9384 -0.0000 0.3454
vn 0.9313 0.1563 0.3291
vn -0.0000 0.9808 0.1951
vn -0.0042 0.9989 0.0473
vn -0.6933 0.7155 -0.0858
vn -0.6820 0.7068 0.1882
vn -0.9591 0.2618 0.1076
vn 0.7598 0.0998 -0.6424
vn -0.0144 0.9999 0.0089
vn 0.9790 0.1960 0.0555
vn 0.9864 -0.0000 0.1645
vn 0.9713 0.1564 0.1789
vn 0.9477 -0.0000 0.3191
vn 0.6921 0.1710 -0.7012
vn -0.9398 0.2410 0.2423
vn -0.9655 0.2603 -0.0003
vn -0.9707 0.2341 0.0541
vn -0.0684 0.9976 -0.0045
vn -0.9878 -0.0000 -0.1559
vn 0.9818 -0.0000 0.1901
vn 0.7212 -0.6909 -0.0507
vn 0.7597 -0.6502 -0.0104
vn -0.0108 -0.9996 0.0279
vn 0.7007 -0.7086 -0.0830
vn 0.0684 -0.9976 -0.0045
vn 0.7475 -0.6642 0.0102
vn 0.7673 -0.6413 0.0045
vn 0.9808 -0.1951 -0.0000
vn -0.7692 -0.6388 -0.0141
vn -0.7421 -0.6604 -0.1145
vn -0.9787 -0.1962 -0.0604
vn 0.7200 -0.6905 0.0686
vn 0.9707 -0.2341 0.0541
vn 0.6799 -0.7123 0.1745
vn 0.7002 -0.7137 -0.0189
vn 0.1618 -0.9865 0.0241
vn -0.6307 -0.7158 0.2997
vn -0.6956 -0.6808 0.2294
vn -0.8817 -0.2212 0.4168
vn 0.6933 -0.7155 -0.0858
vn 0.0042 -0.9989 0.0473
vn -0.7623 -0.6467 0.0249
vn -0.6942 -0.7094 0.1218
vn -0.9790 -0.1960 0.0555
vn 0.6820 -0.7068 0.1882
vn 0.1855 -0.9808 0.0608
vn 0.6422 -0.7637 0.0656
vn 0.1913 -0.9810 0.0320
vn 0.6747 -0.7216 0.1551
vn 0.6738 -0.7166 0.1801
vn 0.9499 -0.2046 0.2365
vn 0.9675 -0.2225 -0.1202
vn -0.7635 -0.6420 0.0692
vn -0.9712 -0.2242 0.0802
vn 0.6962 -0.7163 0.0478
vn 0.9771 -0.1704 0.1272
vn 0.0096 -0.9204 -0.3908
vn 0.9655 -0.2603 -0.0003
vn 0.0085 -0.9999 -0.0108
vn 0.7060 -0.7082 -0.0000
vn 0.9591 -0.2618 0.1076
vn 0.1252 -0.7016 -0.7015
vn -0.0834 -0.7047 -0.7046
vn 0.1452 -0.2017 -0.9686
vn -0.6462 -0.7632 -0.0000
vn -0.7066 -0.7076 -0.0000
vn -0.9657 -0.2597 -0.0000
vn -0.6598 -0.7082 0.2513
vn -0.2235 -0.9716 0.0773
vn -0.6325 -0.7077 0.3148
vn -0.1786 -0.9800 0.0883
vn -0.7000 -0.6872 -0.1943
vn -0.0393 -0.9987 -0.0330
vn -0.6855 -0.7190 -0.1151
vn -0.6594 -0.7323 -0.1699
vn 0.0144 -0.9999 0.0089
vn -0.6922 -0.7208 -0.0352
vn 0.0001 -1.0000 0.0035
vn 0.6949 -0.7011 0.1601
vn 0.9691 -0.1669 0.1818
vn -0.6627 -0.7208 -0.2030
vn -0.9375 -0.2225 -0.2675
vn 0.9398 -0.2410 0.2423
vn -0.9348 -0.1944 -0.2973
vn -0.6266 -0.7790 0.0221
vn 0.0418 -0.9983 -0.0396
vn -0.0769 -0.7093 0.7007
vn -0.0526 -0.1958 0.9792
vn -0.2777 -0.7153 0.6413
vn -0.2718 -0.1989 0.9416
vn -0.4633 -0.7119 0.5277
vn -0.5749 -0.2000 0.7934
vn -0.6223 -0.7124 0.3245
vn -0.4633 -0.7120 0.5277
vn -0.8035 -0.1978 0.5615
vn -0.7437 -0.6541 0.1378
vn -0.9647 -0.2601 0.0408
vn -0.4877 -0.6700 -0.5597
vn -0.6921 -0.1710 -0.7012
vn -0.9557 -0.0000 0.2943
vn -0.9286 -0.1947 0.3158
vn -0.9067 -0.0000 0.4217
vn -0.2949 -0.7071 -0.6427
vn -0.5021 -0.1579 -0.8503
vn -0.0700 -0.7088 -0.7019
vn -0.1687 -0.2355 -0.9571
vn -0.9905 -0.0000 0.1376
vn -0.9713 -0.1564 0.1789
vn -0.9996 -0.0000 0.0279
vn -0.7598 -0.0998 -0.6424
vn -0.2350 -0.1693 -0.9571
vn -0.5773 -0.5774 -0.5774
vn -0.6037 -0.0000 -0.7972
vn -0.9657 -0.0000 -0.2595
vn 0.9423 -0.1959 0.2715
vn -0.1671 -0.9859 -0.0000
vn -0.0133 -0.9725 0.2327
vn -0.0522 -0.9974 -0.0501
vn -0.1996 -0.9726 -0.1191
vn 0.0268 -0.9810 -0.1920
vn -0.0561 -0.9815 0.1833
vn -0.8989 -0.0000 0.4381
vn -0.9309 -0.0000 0.3652
vn -0.9313 -0.1563 0.3291
vn -0.9699 -0.0000 0.2435
vn -0.0919 -0.0000 0.9958
vn 0.2592 -0.9658 -0.0000
vn 0.1452 -0.9686 -0.2016
vn 0.1943 -0.9809 -0.0000
vn 0.9586 -0.1991 0.2037
vn -0.1298 -0.0000 -0.9915
vn 0.2596 -0.0000 -0.9657
vn -0.9859 -0.1674 -0.0000
vn 0.7972 -0.0000 -0.6037
vn 0.6424 -0.0998 -0.7598
vn -0.1947 -0.9809 -0.0000
vn 0.9878 -0.0000 -0.1559
vn 0.9686 -0.1452 -0.2016
vn -0.9564 -0.1968 0.2158
vn -0.9934 -0.0000 0.1149
vn -0.9998 -0.0000 -0.0177
vn 0.9859 -0.1676 -0.0000
vn -0.9886 -0.0000 -0.1508
vn -0.7458 -0.0000 -0.6661
vn -0.7115 -0.0000 -0.7027
vn -0.7439 -0.0726 -0.6644
vn 0.7629 -0.6466 -0.0000
vn -0.1532 -0.9877 0.0302
vn 0.9922 -0.0000 0.1249
vn 0.9973 -0.0000 0.0728
vn -0.7492 -0.6457 0.1476
vn -0.2058 -0.9784 0.0183
vn 0.9902 -0.0000 0.1396
vn 0.9970 -0.0000 0.0775
vn -0.2217 -0.9751 0.0104
vn 0.9983 -0.0000 0.0591
vn 0.9878 -0.1559 -0.0000
vn 0.9983 -0.0000 -0.0589
vn 0.9803 -0.1952 -0.0290
vn 0.9996 -0.0000 -0.0295
vn 0.9940 -0.0000 -0.1093
vn 0.9806 -0.1671 -0.1021
vn 0.1328 -0.9911 0.0008
vn 0.9950 -0.0000 -0.1000
vn 0.9835 -0.0000 0.1811
vn 0.9876 -0.1566 -0.0039
vn 0.9782 -0.0000 0.2077
vn 0.9997 -0.0000 -0.0245
vn 0.9924 -0.0000 -0.1234
vn 0.9547 -0.0000 0.2975
vn 0.9662 -0.0000 0.2576
vn 0.9716 -0.0000 0.2366
vn 0.9709 -0.0000 0.2393
vn 0.9691 -0.0000 0.2466
vn 0.9692 -0.0000 0.2461
vn -0.0477 -0.9727 -0.2273
vn -0.1077 -0.9790 -0.1733
vn 0.9983 -0.0000 -0.0577
vn 0.9778 -0.0000 0.2094
vn 0.9835 -0.0000 0.1808
vn 0.9958 -0.0000 0.0920
vn -0.1647 -0.0000 -0.9863
vn -0.0960 -0.0000 -0.9954
vn 0.1863 -0.9698 -0.1571
vn -0.0856 -0.9890 0.1207
vn -0.5237 -0.0000 -0.8519
vn -0.2031 -0.9579 -0.2031
vn 0.5774 -0.5774 -0.5773
vn -0.4199 -0.0000 -0.9076
vn -0.8863 -0.1933 0.4208
vn 0.1863 -0.9698 -0.1572
vn -0.1856 -0.9821 0.0314
vn -0.2310 -0.9587 0.1661
vn 0.0659 -0.9978 0.0044
vn 0.1191 -0.9923 0.0350
vn -0.9778 -0.1957 -0.0750
vn -0.9673 -0.1959 -0.1611
vn 0.9723 -0.2339 -0.0000
vn -0.6916 -0.0000 -0.7222
vn -0.9704 -0.1563 -0.1841
vn -0.9657 -0.0000 -0.2597
vn -0.9532 -0.0000 -0.3025
vn -0.9656 -0.0000 -0.2599
vn -0.9709 -0.1694 -0.1694
vn -0.3913 -0.0000 0.9203
vn -0.6680 -0.0000 0.7442
vn -0.9624 -0.1563 -0.2224
vn -0.9863 -0.0000 -0.1650
vn -0.9957 -0.0000 -0.0926
vn -0.9993 -0.0000 0.0368
vn -0.9818 -0.0000 0.1901
vn -0.9584 -0.1674 0.2310
vn -0.8882 -0.0000 0.4594
vn 0.0002 -1.0000 -0.0000
vn -0.1762 -0.9674 -0.1817
vn -0.0700 0.7088 -0.7019
vn -0.0477 0.9727 -0.2273
vn -0.2031 0.9579 -0.2031
vn 0.1452 0.9686 -0.2016
vn -0.0834 0.7047 -0.7046
vn -0.1951 0.9808 -0.0000
vn -0.7066 0.7076 -0.0000
vn -0.2217 0.9751 0.0104
vn -0.9647 0.2601 0.0408
vn -0.9988 -0.0000 0.0490
vn -0.9584 0.1674 0.2310
vn -0.8035 0.1978 0.5615
vn -0.6223 0.7124 0.3245
vn 0.0419 0.9983 -0.0396
vn -0.6266 0.7790 0.0221
vn -0.1856 0.9821 0.0314
vn -0.2310 0.9587 0.1661
vn -0.0856 0.9890 0.1207
vn -0.1762 0.9674 -0.1817
vn 0.0096 0.9204 -0.3908
vn 0.0268 0.9810 -0.1920
vn -0.1996 0.9726 -0.1192
vn -0.0522 0.9974 -0.0501
vn -0.1077 0.9790 -0.1733
vn 0.0002 1.0000 -0.0000
vn -0.5749 0.2000 0.7934
vn -0.6278 -0.0000 0.7784
vn -0.8565 -0.0000 0.5161
vn -0.9778 0.1957 -0.0750
vn -0.9673 0.1959 -0.1611
vn -0.9961 -0.0000 -0.0882
vn -0.9790 0.1960 0.0555
vn -0.9859 0.1674 -0.0000
vn -0.9991 -0.0000 0.0419
vn -0.9624 0.1563 -0.2224
vn -0.9862 -0.0000 -0.1656
vn -0.2718 0.1989 0.9416
vn -0.3347 -0.0000 0.9423
vn -0.0526 0.1958 0.9792
vn -0.0965 -0.0000 0.9953
vn -0.9657 0.2597 -0.0000
vn -0.9709 0.1694 -0.1694
vn -0.9348 0.1944 -0.2973
vn -0.9712 -0.0000 -0.2384
vn -0.9375 0.2225 -0.2675
vn -0.9704 0.1563 -0.1841
vn -0.9627 -0.0000 -0.2705
vn -0.6921 0.1710 -0.7012
vn -0.5021 0.1578 -0.8503
vn 0.9686 0.1452 -0.2017
vn 0.9723 0.2339 -0.0000
vn -0.9713 0.1564 0.1789
vn -0.9286 0.1947 0.3158
vn -0.6942 0.7094 0.1218
vn -0.8863 0.1933 0.4208
vn -0.6598 0.7082 0.2513
vn -0.8817 0.2212 0.4168
vn -0.6325 0.7077 0.3148
vn -0.7421 0.6604 -0.1145
vn -0.6594 0.7323 -0.1699
vn -0.6855 0.7190 -0.1151
vn -0.0393 0.9987 -0.0330
vn 0.0659 0.9978 0.0044
vn 0.7200 0.6905 0.0686
vn -0.1532 0.9877 0.0302
vn -0.6627 0.7208 -0.2030
vn 0.1191 0.9923 0.0350
vn 0.6949 0.7011 0.1601
vn 0.0144 0.9999 0.0089
vn 0.0001 1.0000 0.0035
vn 0.6747 0.7216 0.1551
vn -0.6922 0.7208 -0.0352
vn -0.0133 0.9725 0.2327
vn -0.0561 0.9815 0.1833
vn -0.0769 0.7093 0.7007
vn -0.0856 0.9890 0.1206
vn -0.2777 0.7153 0.6413
vn 0.0085 0.9999 -0.0108
vn -0.2058 0.9784 0.0184
vn -0.7692 0.6388 -0.0141
vn -0.4633 0.7120 0.5277
vn 0.1863 0.9698 -0.1571
vn -0.2949 0.7071 -0.6427
vn -0.4877 0.6700 -0.5597
vn -0.8997 -0.0000 0.4365
vn 0.1252 0.7016 -0.7015
vn 0.5774 0.5774 -0.5773
vn 0.6424 0.0998 -0.7598
vn 0.1452 0.2017 -0.9686
vn -0.5773 0.5773 -0.5774
vn -0.1687 0.2355 -0.9571
vn 0.0684 0.9976 -0.0045
vn -0.6956 0.6808 0.2294
vn -0.0108 0.9996 0.0279
vn -0.9313 0.1563 0.3291
vn -0.9564 0.1968 0.2157
vn -0.9712 0.2242 0.0802
vn -0.7492 0.6457 0.1476
vn 0.9398 0.2409 0.2423
vn 0.9691 0.1669 0.1818
vn 0.9707 0.2341 0.0541
vn 0.2592 0.9658 -0.0000
vn 0.1943 0.9809 -0.0000
vn 0.7064 0.7078 -0.0000
vn 0.9499 0.2046 0.2364
vn 0.9771 0.1704 0.1272
vn 0.9876 0.1567 -0.0039
vn 0.9675 0.2225 -0.1201
vn 0.9591 0.2618 0.1076
vn 0.9423 0.1959 0.2714
vn 0.9586 0.1991 0.2037
vn 0.6962 0.7163 0.0478
vn 0.9806 0.1671 -0.1021
vn 0.9878 0.1559 -0.0000
vn 0.9803 0.1952 -0.0290
vn 0.7597 0.6502 -0.0104
vn 0.7212 0.6909 -0.0507
vn 0.1328 0.9911 0.0008
vn 0.7673 0.6413 0.0045
vn 0.9808 0.1951 -0.0000
vn 0.1913 0.9810 0.0320
vn 0.1855 0.9808 0.0608
vn 0.9655 0.2603 -0.0003
vn 0.9859 0.1676 -0.0000
vn 0.1618 0.9865 0.0241
vn 0.7629 0.6466 -0.0000
vn 0.6422 0.7637 0.0656
vn -0.7439 0.0726 -0.6644
vn -0.9787 0.1962 -0.0604
vn -0.9850 -0.0000 -0.1728
vn -0.9992 -0.0000 -0.0400
vn 0.1941 0.9810 -0.0046
vn -0.1786 0.9800 0.0883
vn -0.9957 -0.0000 0.0929
vn 0.9686 0.1452 -0.2016
vn -0.1671 0.9859 -0.0000
vn -0.6462 0.7632 -0.0000
vn -0.7623 0.6467 0.0249
vn -0.2350 0.1693 -0.9571
vn -0.7598 0.0998 -0.6424
vn 0.7475 0.6642 0.0102
vn 0.7002 0.7137 -0.0189
vn -0.9750 -0.0000 0.2224
vn -0.9384 -0.0000 0.3454
vn 0.0042 0.9989 0.0473
vn 0.7007 0.7086 -0.0830
vn 0.6799 0.7123 0.1745
vn 0.6820 0.7068 0.1882
vn -0.9808 -0.0000 -0.1951
vn 0.6738 0.7166 0.1802
vn -0.5774 0.5773 -0.5774
vn -0.9864 -0.0000 0.1645
vn -0.9477 -0.0000 0.3191
vn -0.9076 -0.0000 0.4197
vn -0.7437 0.6541 0.1378
vn -0.2235 0.9716 0.0773
vn 0.9723 -0.0000 -0.2339
vn -0.9703 -0.0000 0.2418
vn -0.3862 -0.3483 -0.8541
vn 0.6307 -0.7158 0.2997
vn -0.6933 -0.7155 -0.0858
vn 0.7635 -0.6420 0.0692
vn 0.7000 -0.6872 -0.1943
vn 0.4633 -0.7119 0.5277
vn -0.9686 0.1452 -0.2017
vn -0.1941 0.9810 -0.0046
vn 0.1941 -0.9810 -0.0046
vn 0.9686 -0.1452 -0.2017
vn -0.6307 0.7158 0.2997
vn -0.7000 0.6872 -0.1943
vn -0.4633 0.7119 0.5277
vn -0.7635 0.6420 0.0692
vn 0.6933 0.7155 -0.0858
vt 0.146045 0.900296
vt 0.570003 0.900296
vt 0.146045 0.998047
vt 0.998047 0.897477
vt 0.364879 0.897477
vt 0.998047 0.799726
vt 0.572823 0.900186
vt 0.996781 0.900186
vt 0.572823 0.997937
vt 0.223242 0.870165
vt 0.223179 0.871180
vt 0.221038 0.870791
vt 0.223298 0.869076
vt 0.221065 0.869601
vt 0.223308 0.867991
vt 0.221032 0.868392
vt 0.319284 0.868674
vt 0.317006 0.868260
vt 0.319401 0.867566
vt 0.223035 0.864247
vt 0.223250 0.866985
vt 0.220641 0.864467
vt 0.317243 0.874186
vt 0.317115 0.871450
vt 0.319443 0.874921
vt 0.223030 0.873918
vt 0.225240 0.873853
vt 0.317057 0.870435
vt 0.314927 0.870345
vt 0.317010 0.869346
vt 0.314909 0.869242
vt 0.314910 0.868142
vt 0.225404 0.867882
vt 0.317317 0.864533
vt 0.317066 0.867255
vt 0.315085 0.864372
vt 0.314958 0.871364
vt 0.313041 0.871386
vt 0.313038 0.870353
vt 0.313038 0.869236
vt 0.225376 0.866863
vt 0.227272 0.866839
vt 0.314946 0.867129
vt 0.313052 0.867086
vt 0.225334 0.871101
vt 0.227253 0.871138
vt 0.225372 0.870083
vt 0.225401 0.868983
vt 0.227262 0.870106
vt 0.227270 0.868989
vt 0.225264 0.864124
vt 0.315035 0.874103
vt 0.319258 0.871073
vt 0.319309 0.872144
vt 0.319240 0.869883
vt 0.319682 0.864767
vt 0.220824 0.874638
vt 0.220980 0.871862
vt 0.220929 0.867284
vt 0.270150 0.870232
vt 0.270154 0.869114
vt 0.227273 0.867871
vt 0.270158 0.867996
vt 0.313043 0.868119
vt 0.227261 0.864086
vt 0.270172 0.864206
vt 0.313049 0.874141
vt 0.270137 0.874022
vt 0.313084 0.864333
vt 0.227224 0.873892
vt 0.270286 0.853473
vt 0.313180 0.853369
vt 0.270288 0.856230
vt 0.270283 0.849171
vt 0.227393 0.849271
vt 0.270281 0.846415
vt 0.313172 0.849070
vt 0.270283 0.850204
vt 0.270284 0.851322
vt 0.227400 0.851421
vt 0.270285 0.852440
vt 0.227397 0.852539
vt 0.227392 0.853571
vt 0.313168 0.851220
vt 0.313173 0.852337
vt 0.317195 0.849220
vt 0.315070 0.849097
vt 0.317417 0.846482
vt 0.319515 0.849520
vt 0.317133 0.850225
vt 0.317139 0.851310
vt 0.315038 0.851214
vt 0.317192 0.852398
vt 0.315061 0.852318
vt 0.317254 0.853413
vt 0.315097 0.853337
vt 0.319450 0.854096
vt 0.317392 0.856148
vt 0.223379 0.849437
vt 0.221043 0.849746
vt 0.223136 0.846715
vt 0.225500 0.849312
vt 0.223435 0.850443
vt 0.223428 0.851528
vt 0.221196 0.852064
vt 0.223377 0.852617
vt 0.221175 0.853254
vt 0.223317 0.853633
vt 0.221121 0.854326
vt 0.225472 0.853544
vt 0.223181 0.856372
vt 0.227375 0.856325
vt 0.225390 0.856296
vt 0.313192 0.846317
vt 0.315189 0.846357
vt 0.227398 0.850304
vt 0.225530 0.850327
vt 0.313168 0.850103
vt 0.315037 0.850113
vt 0.313200 0.856124
vt 0.315185 0.856076
vt 0.227369 0.846518
vt 0.225369 0.846555
vt 0.225531 0.851427
vt 0.225506 0.852526
vt 0.220977 0.857103
vt 0.319811 0.846702
vt 0.319371 0.851836
vt 0.319408 0.850627
vt 0.319395 0.853025
vt 0.499745 0.023138
vt 0.463374 0.023171
vt 0.499744 0.021709
vt 0.499737 0.011253
vt 0.463375 0.011466
vt 0.499735 0.009824
vt 0.463349 0.010056
vt 0.499731 0.001953
vt 0.499743 0.018766
vt 0.463373 0.018860
vt 0.499740 0.016482
vt 0.463372 0.021761
vt 0.499743 0.020238
vt 0.463372 0.020310
vt 0.463382 0.016613
vt 0.499739 0.014198
vt 0.463392 0.014367
vt 0.499738 0.012726
vt 0.463390 0.012917
vt 0.500202 0.786347
vt 0.463834 0.786195
vt 0.500201 0.784874
vt 0.463847 0.784744
vt 0.500200 0.783402
vt 0.463847 0.783294
vt 0.500198 0.781118
vt 0.500196 0.778835
vt 0.463824 0.778800
vt 0.500195 0.777363
vt 0.463821 0.777350
vt 0.500194 0.775892
vt 0.463834 0.781048
vt 0.500207 0.795628
vt 0.463637 0.795419
vt 0.500203 0.787776
vt 0.463808 0.787605
vt 0.463820 0.775898
vt 0.500193 0.774463
vt 0.463820 0.774489
vt 0.536117 0.023113
vt 0.536104 0.011405
vt 0.536130 0.009996
vt 0.536113 0.018801
vt 0.536117 0.021703
vt 0.536116 0.020251
vt 0.536103 0.016553
vt 0.536091 0.014307
vt 0.536091 0.012857
vt 0.536563 0.786135
vt 0.536549 0.784683
vt 0.536547 0.783234
vt 0.536566 0.778741
vt 0.536568 0.777291
vt 0.536558 0.780988
vt 0.536771 0.795364
vt 0.536589 0.787544
vt 0.536567 0.775840
vt 0.536566 0.774430
vt 0.566047 0.018518
vt 0.566042 0.017357
vt 0.567861 0.018467
vt 0.567807 0.017071
vt 0.569662 0.018318
vt 0.564275 0.015890
vt 0.564276 0.017488
vt 0.562542 0.015911
vt 0.562403 0.021474
vt 0.562426 0.019854
vt 0.564177 0.021419
vt 0.562527 0.017469
vt 0.560813 0.015841
vt 0.573691 0.017265
vt 0.573540 0.015721
vt 0.575366 0.016678
vt 0.569592 0.021410
vt 0.569704 0.019698
vt 0.571324 0.021487
vt 0.569582 0.016733
vt 0.571421 0.018006
vt 0.577288 0.021820
vt 0.577296 0.020437
vt 0.578863 0.021807
vt 0.575293 0.015089
vt 0.577055 0.015715
vt 0.577061 0.014214
vt 0.578740 0.014992
vt 0.555417 0.015715
vt 0.555379 0.017158
vt 0.553568 0.015759
vt 0.573431 0.014151
vt 0.571336 0.014727
vt 0.566018 0.015749
vt 0.564219 0.019754
vt 0.565980 0.021392
vt 0.553524 0.017209
vt 0.551869 0.015810
vt 0.551823 0.017272
vt 0.548269 0.015756
vt 0.564254 0.018609
vt 0.580585 0.011778
vt 0.580600 0.013242
vt 0.578698 0.012179
vt 0.983441 0.021337
vt 0.983387 0.019874
vt 0.987020 0.021332
vt 0.580679 0.021761
vt 0.580667 0.020299
vt 0.979614 0.021323
vt 0.577195 0.019037
vt 0.575535 0.018859
vt 0.575685 0.020341
vt 0.573838 0.018519
vt 0.574050 0.020129
vt 0.562492 0.018645
vt 0.560767 0.018650
vt 0.555203 0.018572
vt 0.554975 0.020348
vt 0.553355 0.018765
vt 0.553215 0.020329
vt 0.551719 0.018826
vt 0.560819 0.017334
vt 0.557175 0.015701
vt 0.556725 0.021691
vt 0.556738 0.020257
vt 0.560680 0.021556
vt 0.557143 0.017119
vt 0.554955 0.021738
vt 0.551641 0.020357
vt 0.548131 0.018701
vt 0.539289 0.021663
vt 0.539310 0.020176
vt 0.540754 0.021660
vt 0.540727 0.020167
vt 0.542149 0.021606
vt 0.542006 0.020077
vt 0.543648 0.021414
vt 0.544201 0.019736
vt 0.545271 0.021652
vt 0.546780 0.021734
vt 0.546863 0.020317
vt 0.548176 0.021727
vt 0.541945 0.012945
vt 0.542165 0.015331
vt 0.541457 0.012666
vt 0.574016 0.021662
vt 0.575664 0.021770
vt 0.573824 0.023117
vt 0.540950 0.014178
vt 0.539626 0.011929
vt 0.539426 0.013335
vt 0.537776 0.011541
vt 0.575523 0.023134
vt 0.577198 0.023150
vt 0.982307 0.020122
vt 0.980956 0.021251
vt 0.982209 0.021325
vt 0.980907 0.022749
vt 0.576990 0.012768
vt 0.575179 0.013531
vt 0.980889 0.018373
vt 0.980901 0.019802
vt 0.979611 0.018382
vt 0.539328 0.016698
vt 0.540679 0.017129
vt 0.539339 0.018693
vt 0.569536 0.015147
vt 0.537791 0.018757
vt 0.537781 0.020216
vt 0.541559 0.016306
vt 0.540572 0.015595
vt 0.540674 0.018651
vt 0.541725 0.018489
vt 0.537760 0.023109
vt 0.537771 0.021682
vt 0.569372 0.023077
vt 0.567797 0.021392
vt 0.567625 0.023068
vt 0.539275 0.023105
vt 0.980882 0.014218
vt 0.580654 0.018836
vt 0.580614 0.014710
vt 0.982172 0.022748
vt 0.983438 0.022747
vt 0.979616 0.022750
vt 0.578868 0.020408
vt 0.988255 0.021326
vt 0.987020 0.022744
vt 0.979613 0.019852
vt 0.578820 0.018997
vt 0.989518 0.021275
vt 0.988285 0.022743
vt 0.565873 0.023062
vt 0.564133 0.023061
vt 0.979605 0.011281
vt 0.979604 0.009854
vt 0.562420 0.023063
vt 0.541688 0.011005
vt 0.578745 0.013583
vt 0.979606 0.012751
vt 0.578614 0.010807
vt 0.578272 0.003046
vt 0.580571 0.010356
vt 0.567880 0.019683
vt 0.542177 0.002831
vt 0.542702 0.002879
vt 0.548340 0.014357
vt 0.548303 0.006560
vt 0.551777 0.006533
vt 0.560775 0.014399
vt 0.560509 0.006492
vt 0.562184 0.006445
vt 0.562508 0.014418
vt 0.563846 0.006346
vt 0.564240 0.014367
vt 0.565504 0.006177
vt 0.565978 0.014216
vt 0.567767 0.015481
vt 0.567170 0.005929
vt 0.567726 0.013962
vt 0.568865 0.005598
vt 0.573340 0.012617
vt 0.575050 0.012047
vt 0.572637 0.004628
vt 0.574380 0.004107
vt 0.571282 0.013202
vt 0.569492 0.013625
vt 0.570601 0.005187
vt 0.547191 0.017187
vt 0.576317 0.003549
vt 0.576854 0.011384
vt 0.555360 0.014320
vt 0.553526 0.014350
vt 0.555198 0.006512
vt 0.537763 0.016527
vt 0.539209 0.014750
vt 0.551866 0.014379
vt 0.553403 0.006525
vt 0.980966 0.021275
vt 0.979607 0.014221
vt 0.557124 0.014314
vt 0.980889 0.012785
vt 0.556927 0.006501
vt 0.537875 0.010183
vt 0.538173 0.002368
vt 0.541730 0.017378
vt 0.542483 0.018059
vt 0.981934 0.019688
vt 0.988162 0.020126
vt 0.982141 0.014149
vt 0.981924 0.012891
vt 0.540220 0.002606
vt 0.571099 0.023091
vt 0.537684 0.014323
vt 0.546968 0.018783
vt 0.546235 0.017864
vt 0.545845 0.018703
vt 0.545498 0.020189
vt 0.545020 0.018255
vt 0.551626 0.021752
vt 0.556992 0.018430
vt 0.553203 0.021737
vt 0.980932 0.011317
vt 0.539815 0.010555
vt 0.560745 0.023067
vt 0.556811 0.023082
vt 0.555033 0.023088
vt 0.980906 0.021322
vt 0.540748 0.023102
vt 0.542159 0.023099
vt 0.553254 0.023092
vt 0.578826 0.023164
vt 0.551645 0.023095
vt 0.548163 0.023098
vt 0.545195 0.023097
vt 0.543590 0.023096
vt 0.580478 0.002516
vt 0.548169 0.020305
vt 0.982136 0.018434
vt 0.537706 0.012921
vt 0.538243 0.786012
vt 0.538167 0.784628
vt 0.538141 0.783222
vt 0.538218 0.781017
vt 0.538235 0.777326
vt 0.538243 0.778782
vt 0.538220 0.775859
vt 0.982635 0.782627
vt 0.981390 0.782559
vt 0.982646 0.778340
vt 0.579325 0.777065
vt 0.581121 0.777171
vt 0.579272 0.778472
vt 0.547182 0.774428
vt 0.548613 0.774425
vt 0.547231 0.775793
vt 0.547315 0.777210
vt 0.545951 0.777340
vt 0.548622 0.777221
vt 0.547422 0.778744
vt 0.546690 0.779664
vt 0.545475 0.779274
vt 0.543003 0.780973
vt 0.542617 0.782210
vt 0.542184 0.780160
vt 0.542012 0.781234
vt 0.541133 0.780410
vt 0.541025 0.781946
vt 0.539782 0.780843
vt 0.973413 0.794785
vt 0.580956 0.794954
vt 0.980114 0.786926
vt 0.545644 0.774431
vt 0.545722 0.775876
vt 0.544039 0.774434
vt 0.552094 0.774422
vt 0.552073 0.775766
vt 0.553703 0.774423
vt 0.553652 0.775777
vt 0.581141 0.774291
vt 0.581131 0.775710
vt 0.579277 0.774309
vt 0.555483 0.774424
vt 0.555401 0.775771
vt 0.544100 0.776117
vt 0.542608 0.774434
vt 0.542602 0.775927
vt 0.541197 0.774433
vt 0.981400 0.774029
vt 0.981401 0.775456
vt 0.980109 0.774030
vt 0.557261 0.774427
vt 0.557166 0.775815
vt 0.561195 0.774436
vt 0.561135 0.775944
vt 0.562869 0.774437
vt 0.562859 0.776024
vt 0.540271 0.786996
vt 0.540100 0.785609
vt 0.542160 0.786539
vt 0.540680 0.794934
vt 0.542639 0.794708
vt 0.980112 0.784029
vt 0.981390 0.783994
vt 0.980113 0.785499
vt 0.576136 0.777139
vt 0.576107 0.775710
vt 0.577747 0.777037
vt 0.574503 0.777356
vt 0.574464 0.775823
vt 0.571927 0.777672
vt 0.571789 0.776001
vt 0.561132 0.777489
vt 0.562883 0.777644
vt 0.553665 0.777187
vt 0.555423 0.777163
vt 0.552091 0.777162
vt 0.557599 0.780389
vt 0.557446 0.779077
vt 0.561277 0.780164
vt 0.561223 0.778849
vt 0.557186 0.777249
vt 0.555834 0.780354
vt 0.555655 0.778940
vt 0.552277 0.780249
vt 0.552171 0.778693
vt 0.553978 0.780308
vt 0.548628 0.775799
vt 0.541178 0.777370
vt 0.541128 0.778887
vt 0.539760 0.777362
vt 0.542459 0.777457
vt 0.542179 0.779049
vt 0.543660 0.777831
vt 0.542936 0.779477
vt 0.566501 0.777797
vt 0.566507 0.778975
vt 0.564677 0.777742
vt 0.546299 0.778825
vt 0.544655 0.777794
vt 0.547647 0.780339
vt 0.548585 0.778824
vt 0.541401 0.783364
vt 0.539664 0.782790
vt 0.539884 0.784203
vt 0.574274 0.774364
vt 0.571549 0.774395
vt 0.539739 0.775875
vt 0.538333 0.787366
vt 0.982424 0.783887
vt 0.987574 0.776882
vt 0.987514 0.775436
vt 0.988658 0.776635
vt 0.981386 0.778403
vt 0.982433 0.777086
vt 0.568339 0.777810
vt 0.570164 0.777790
vt 0.568321 0.779025
vt 0.568254 0.776104
vt 0.566437 0.776102
vt 0.538632 0.795167
vt 0.557577 0.783194
vt 0.557416 0.790985
vt 0.555815 0.783186
vt 0.557634 0.781808
vt 0.561241 0.783097
vt 0.980111 0.782559
vt 0.560980 0.791000
vt 0.581063 0.784228
vt 0.552326 0.783142
vt 0.552322 0.781712
vt 0.553984 0.783163
vt 0.980109 0.776928
vt 0.980109 0.775457
vt 0.981398 0.776972
vt 0.552262 0.790980
vt 0.553890 0.790985
vt 0.571746 0.784286
vt 0.571800 0.782758
vt 0.573805 0.784866
vt 0.571070 0.792308
vt 0.573110 0.792861
vt 0.554024 0.781758
vt 0.555687 0.790992
vt 0.577320 0.786091
vt 0.577452 0.784711
vt 0.579079 0.786667
vt 0.576792 0.793931
vt 0.575515 0.785433
vt 0.575641 0.783950
vt 0.574854 0.793378
vt 0.569957 0.783864
vt 0.570001 0.782340
vt 0.569332 0.791903
vt 0.568269 0.780419
vt 0.568232 0.782007
vt 0.566504 0.780135
vt 0.570045 0.780754
vt 0.573893 0.783335
vt 0.568192 0.783522
vt 0.562988 0.780027
vt 0.562950 0.778852
vt 0.564737 0.780006
vt 0.567634 0.791581
vt 0.566447 0.783275
vt 0.565967 0.791324
vt 0.564709 0.783128
vt 0.566481 0.781743
vt 0.564310 0.791149
vt 0.562975 0.783077
vt 0.564737 0.781603
vt 0.562651 0.791047
vt 0.563007 0.781585
vt 0.577648 0.778438
vt 0.577516 0.781763
vt 0.548798 0.783181
vt 0.542679 0.786464
vt 0.543163 0.794662
vt 0.578748 0.794429
vt 0.581039 0.787114
vt 0.581051 0.785693
vt 0.575990 0.778621
vt 0.575825 0.780804
vt 0.564713 0.778886
vt 0.579212 0.783892
vt 0.581075 0.782760
vt 0.542394 0.784595
vt 0.564583 0.774436
vt 0.564634 0.776077
vt 0.566323 0.774432
vt 0.574295 0.778966
vt 0.568075 0.774423
vt 0.990044 0.774021
vt 0.990019 0.775486
vt 0.988778 0.774021
vt 0.579201 0.782482
vt 0.581110 0.778634
vt 0.988747 0.775434
vt 0.987513 0.774022
vt 0.983931 0.774026
vt 0.983936 0.775437
vt 0.982665 0.774027
vt 0.575754 0.782392
vt 0.574001 0.781764
vt 0.980110 0.778398
vt 0.541201 0.775877
vt 0.539724 0.774433
vt 0.538209 0.774431
vt 0.569822 0.774411
vt 0.570050 0.776079
vt 0.539793 0.778849
vt 0.571882 0.779480
vt 0.571837 0.781172
vt 0.577524 0.783265
vt 0.579162 0.785289
vt 0.982704 0.775451
vt 0.553807 0.778751
vt 0.982803 0.776653
vt 0.579315 0.775662
vt 0.577648 0.774325
vt 0.577732 0.775655
vt 0.575973 0.774344
vt 0.541889 0.784883
vt 0.555874 0.781795
vt 0.983883 0.776900
vt 0.548727 0.781769
vt 0.561271 0.781656
vt 0.570123 0.779170
vt 0.991335 0.774019
vt 0.990842 0.022740
vt 0.998030 0.766157
vt 0.989550 0.022741
vt 0.580691 0.023179
vt 0.546733 0.023098
vt 0.431672 0.017182
vt 0.433438 0.017466
vt 0.431620 0.018576
vt 0.429897 0.016846
vt 0.429818 0.018430
vt 0.436953 0.017573
vt 0.435204 0.017594
vt 0.436935 0.016016
vt 0.435264 0.019859
vt 0.437058 0.019957
vt 0.435307 0.021524
vt 0.438664 0.017436
vt 0.438670 0.015945
vt 0.424188 0.015208
vt 0.425941 0.015836
vt 0.424116 0.016796
vt 0.428014 0.019929
vt 0.429778 0.019810
vt 0.428152 0.021600
vt 0.428104 0.016428
vt 0.428059 0.018120
vt 0.420617 0.020535
vt 0.422195 0.020563
vt 0.420626 0.021938
vt 0.422418 0.014335
vt 0.422426 0.015838
vt 0.420730 0.013708
vt 0.420741 0.015119
vt 0.445962 0.017293
vt 0.444107 0.017247
vt 0.445917 0.015843
vt 0.428141 0.014842
vt 0.435204 0.015997
vt 0.433440 0.019804
vt 0.433504 0.021498
vt 0.447664 0.017352
vt 0.447619 0.015889
vt 0.452293 0.017263
vt 0.451214 0.015833
vt 0.435228 0.018715
vt 0.418879 0.013372
vt 0.420781 0.012312
vt 0.012410 0.020667
vt 0.016102 0.020651
vt 0.012470 0.022114
vt 0.019875 0.020624
vt 0.418821 0.020429
vt 0.019875 0.022094
vt 0.423806 0.020461
vt 0.423952 0.018979
vt 0.425438 0.020245
vt 0.425646 0.018635
vt 0.438808 0.020112
vt 0.438718 0.018752
vt 0.446275 0.020414
vt 0.444517 0.020438
vt 0.446133 0.018850
vt 0.447849 0.020439
vt 0.447769 0.018908
vt 0.442342 0.017212
vt 0.442307 0.015793
vt 0.442754 0.020352
vt 0.438806 0.021657
vt 0.444067 0.015806
vt 0.442775 0.021786
vt 0.451318 0.020380
vt 0.451355 0.018777
vt 0.458762 0.020232
vt 0.460180 0.020240
vt 0.458739 0.021724
vt 0.457481 0.020145
vt 0.457337 0.021674
vt 0.456280 0.019771
vt 0.455840 0.021484
vt 0.453989 0.020262
vt 0.455285 0.019808
vt 0.454218 0.021725
vt 0.452625 0.020391
vt 0.451311 0.021802
vt 0.458538 0.014241
vt 0.457322 0.015395
vt 0.458049 0.012724
vt 0.423968 0.023256
vt 0.423834 0.021890
vt 0.425667 0.023237
vt 0.460055 0.013401
vt 0.459839 0.011997
vt 0.461771 0.012975
vt 0.461695 0.011591
vt 0.422293 0.023275
vt 0.422209 0.021945
vt 0.420664 0.023291
vt 0.017280 0.022100
vt 0.016048 0.022114
vt 0.017181 0.020898
vt 0.017318 0.023524
vt 0.018584 0.023522
vt 0.422491 0.012889
vt 0.018586 0.020579
vt 0.019875 0.019153
vt 0.458812 0.018715
vt 0.458806 0.017193
vt 0.460146 0.018753
vt 0.461705 0.020275
vt 0.458914 0.015658
vt 0.457756 0.017443
vt 0.457761 0.018554
vt 0.461719 0.021743
vt 0.428392 0.023206
vt 0.430119 0.023190
vt 0.429891 0.021521
vt 0.431866 0.023177
vt 0.460216 0.023169
vt 0.460201 0.021727
vt 0.461731 0.023170
vt 0.458743 0.023168
vt 0.019874 0.014992
vt 0.018595 0.014992
vt 0.418867 0.014840
vt 0.424301 0.013650
vt 0.016053 0.023525
vt 0.012471 0.023527
vt 0.418800 0.023309
vt 0.019875 0.023521
vt 0.418810 0.021891
vt 0.011206 0.023528
vt 0.011237 0.022116
vt 0.418832 0.018966
vt 0.009940 0.023529
vt 0.009965 0.022063
vt 0.431687 0.021497
vt 0.433617 0.023169
vt 0.435357 0.023165
vt 0.418904 0.010486
vt 0.418892 0.011908
vt 0.019872 0.010625
vt 0.437071 0.023164
vt 0.457259 0.011144
vt 0.457777 0.011069
vt 0.457545 0.013011
vt 0.019873 0.013522
vt 0.422293 0.019162
vt 0.420863 0.010933
vt 0.418988 0.002646
vt 0.421195 0.003171
vt 0.431602 0.019790
vt 0.433434 0.018625
vt 0.456768 0.002953
vt 0.447615 0.014459
vt 0.451143 0.014422
vt 0.447680 0.006622
vt 0.420670 0.019128
vt 0.436967 0.014523
vt 0.438700 0.014504
vt 0.437291 0.006554
vt 0.435232 0.014473
vt 0.435632 0.006451
vt 0.433495 0.014326
vt 0.433461 0.015858
vt 0.433975 0.006276
vt 0.431749 0.014078
vt 0.431709 0.015594
vt 0.432308 0.006019
vt 0.429984 0.013737
vt 0.429941 0.015260
vt 0.436991 0.018749
vt 0.430610 0.005698
vt 0.424427 0.012167
vt 0.426049 0.014265
vt 0.425089 0.004223
vt 0.426137 0.012734
vt 0.428872 0.005292
vt 0.428196 0.013315
vt 0.422622 0.011509
vt 0.423151 0.003670
vt 0.446053 0.006616
vt 0.445957 0.014438
vt 0.444255 0.006609
vt 0.444126 0.014415
vt 0.461798 0.014380
vt 0.461721 0.016585
vt 0.460275 0.014813
vt 0.426833 0.004740
vt 0.442526 0.006616
vt 0.442364 0.014407
vt 0.438962 0.006601
vt 0.018595 0.013557
vt 0.461605 0.010238
vt 0.463159 0.002254
vt 0.461298 0.002447
vt 0.456937 0.016631
vt 0.457003 0.018125
vt 0.459666 0.010611
vt 0.017338 0.019210
vt 0.018598 0.019148
vt 0.017551 0.020464
vt 0.011326 0.020914
vt 0.017561 0.013663
vt 0.459251 0.002679
vt 0.425477 0.021778
vt 0.453250 0.017938
vt 0.452518 0.018858
vt 0.453641 0.018777
vt 0.442495 0.018524
vt 0.444286 0.018661
vt 0.447867 0.021834
vt 0.446288 0.021824
vt 0.019872 0.012052
vt 0.457292 0.002906
vt 0.437082 0.021577
vt 0.438745 0.023165
vt 0.442679 0.023174
vt 0.444457 0.023177
vt 0.018583 0.022095
vt 0.457332 0.023167
vt 0.455901 0.023167
vt 0.444539 0.021830
vt 0.446237 0.023178
vt 0.447846 0.023179
vt 0.451327 0.023176
vt 0.452757 0.023173
vt 0.452708 0.021808
vt 0.454296 0.023170
vt 0.026573 0.002767
vt 0.461697 0.018820
vt 0.460158 0.016760
vt 0.457927 0.016370
vt 0.454465 0.018328
vt 0.017350 0.014923
vt 0.462231 0.784681
vt 0.462253 0.783279
vt 0.462174 0.781075
vt 0.462146 0.778844
vt 0.462166 0.775919
vt 0.019003 0.779178
vt 0.019010 0.783332
vt 0.017756 0.779117
vt 0.419281 0.778764
vt 0.419268 0.777301
vt 0.421115 0.778604
vt 0.451760 0.775874
vt 0.451773 0.774503
vt 0.453157 0.775868
vt 0.454666 0.775949
vt 0.454438 0.777413
vt 0.451805 0.778901
vt 0.451767 0.777297
vt 0.452968 0.778819
vt 0.454091 0.778898
vt 0.454916 0.779346
vt 0.458378 0.781298
vt 0.457772 0.782274
vt 0.458206 0.780225
vt 0.459365 0.782009
vt 0.459257 0.780474
vt 0.460728 0.782853
vt 0.460609 0.780905
vt 0.460598 0.778910
vt 0.419362 0.787244
vt 0.419454 0.795084
vt 0.020287 0.787698
vt 0.456288 0.776188
vt 0.456347 0.774505
vt 0.454742 0.774504
vt 0.448310 0.775850
vt 0.446734 0.775864
vt 0.448291 0.774506
vt 0.421073 0.775793
vt 0.419256 0.775840
vt 0.421109 0.774436
vt 0.444981 0.775863
vt 0.446682 0.774509
vt 0.457788 0.775996
vt 0.457778 0.774502
vt 0.459183 0.775942
vt 0.459189 0.774499
vt 0.020278 0.776229
vt 0.018987 0.776230
vt 0.020277 0.774801
vt 0.443211 0.775910
vt 0.444903 0.774513
vt 0.439256 0.776044
vt 0.443125 0.774519
vt 0.437533 0.776127
vt 0.439191 0.774534
vt 0.458480 0.784941
vt 0.460312 0.785676
vt 0.458250 0.786603
vt 0.460124 0.787051
vt 0.457769 0.794784
vt 0.018959 0.786233
vt 0.019003 0.784766
vt 0.020286 0.786270
vt 0.422647 0.775780
vt 0.424271 0.775831
vt 0.422639 0.777163
vt 0.425919 0.775939
vt 0.424250 0.777260
vt 0.428612 0.776114
vt 0.425885 0.777471
vt 0.437509 0.777747
vt 0.444961 0.777253
vt 0.446721 0.777272
vt 0.439169 0.778951
vt 0.442943 0.779170
vt 0.439116 0.780267
vt 0.422740 0.778563
vt 0.443197 0.777343
vt 0.444733 0.779029
vt 0.442792 0.780482
vt 0.446580 0.778836
vt 0.448217 0.778775
vt 0.446411 0.780392
vt 0.448295 0.777244
vt 0.459262 0.778951
vt 0.460627 0.777426
vt 0.458212 0.779114
vt 0.459210 0.777435
vt 0.457454 0.779543
vt 0.457930 0.777525
vt 0.435681 0.778992
vt 0.433888 0.779083
vt 0.435716 0.777847
vt 0.455735 0.777865
vt 0.453701 0.779738
vt 0.460512 0.784269
vt 0.458987 0.783427
vt 0.428837 0.774510
vt 0.462155 0.777386
vt 0.460648 0.775938
vt 0.461774 0.795246
vt 0.459727 0.795008
vt 0.462063 0.787420
vt 0.017751 0.783401
vt 0.017967 0.784660
vt 0.011638 0.776223
vt 0.012873 0.776217
vt 0.011730 0.777423
vt 0.018992 0.777749
vt 0.017959 0.777862
vt 0.462162 0.786062
vt 0.430273 0.779283
vt 0.430231 0.777902
vt 0.432074 0.779134
vt 0.430343 0.776191
vt 0.432139 0.776208
vt 0.433955 0.776209
vt 0.432055 0.777918
vt 0.444736 0.791089
vt 0.443007 0.791100
vt 0.444575 0.783281
vt 0.444519 0.781886
vt 0.442761 0.781900
vt 0.439122 0.781760
vt 0.439160 0.783202
vt 0.020285 0.783330
vt 0.442811 0.783287
vt 0.439425 0.791108
vt 0.419320 0.782890
vt 0.419334 0.784358
vt 0.446367 0.781842
vt 0.448067 0.781791
vt 0.446409 0.783251
vt 0.018927 0.776276
vt 0.448069 0.783222
vt 0.446531 0.791077
vt 0.426503 0.783449
vt 0.428598 0.782873
vt 0.426594 0.784984
vt 0.428653 0.784398
vt 0.427296 0.792973
vt 0.421236 0.785421
vt 0.422944 0.784832
vt 0.421320 0.786793
vt 0.421661 0.794554
vt 0.423616 0.794052
vt 0.424756 0.784070
vt 0.423080 0.786216
vt 0.425553 0.793494
vt 0.452745 0.780415
vt 0.448113 0.780329
vt 0.430399 0.782454
vt 0.430442 0.783976
vt 0.429333 0.792414
vt 0.433917 0.781852
vt 0.432168 0.782120
vt 0.433892 0.780243
vt 0.432128 0.780530
vt 0.424884 0.785554
vt 0.432764 0.791672
vt 0.431068 0.792002
vt 0.432209 0.783638
vt 0.437443 0.778955
vt 0.435659 0.780113
vt 0.434430 0.791424
vt 0.433957 0.783384
vt 0.436088 0.791255
vt 0.435694 0.783234
vt 0.435660 0.781711
vt 0.437750 0.791156
vt 0.437427 0.783182
vt 0.437393 0.781690
vt 0.421195 0.782608
vt 0.422879 0.781885
vt 0.451630 0.791043
vt 0.448157 0.791069
vt 0.451595 0.783245
vt 0.451667 0.781846
vt 0.457244 0.794737
vt 0.419349 0.785822
vt 0.424569 0.780923
vt 0.020286 0.784800
vt 0.421189 0.784017
vt 0.457992 0.784662
vt 0.435759 0.776181
vt 0.437516 0.774538
vt 0.435802 0.774540
vt 0.426244 0.780336
vt 0.426097 0.779081
vt 0.434062 0.774538
vt 0.010374 0.776275
vt 0.011608 0.774807
vt 0.020281 0.779169
vt 0.020280 0.777699
vt 0.012873 0.774806
vt 0.421067 0.777192
vt 0.016451 0.776214
vt 0.016455 0.774803
vt 0.017683 0.776226
vt 0.017720 0.774803
vt 0.437408 0.780132
vt 0.426395 0.781879
vt 0.460662 0.774496
vt 0.462177 0.774493
vt 0.432311 0.774533
vt 0.430563 0.774523
vt 0.428514 0.779594
vt 0.430353 0.780868
vt 0.424642 0.782511
vt 0.422873 0.783387
vt 0.018937 0.776301
vt 0.018986 0.774802
vt 0.444556 0.780443
vt 0.016505 0.777676
vt 0.017585 0.777429
vt 0.422738 0.774450
vt 0.424412 0.774466
vt 0.426111 0.774483
vt 0.453074 0.777285
vt 0.424400 0.778741
vt 0.001953 0.031390
vt 0.008649 0.023529
vt 0.002347 0.766958
vt 0.009051 0.774809
vt 0.010342 0.774808
vt 0.419245 0.774421
vt 0.453203 0.774503
vt 0.570003 0.998047
vt 0.364879 0.799726
vt 0.996781 0.997937
vt 0.270147 0.871265
vt 0.270162 0.866963
vt 0.319596 0.856872
vt 0.220771 0.846947
vt 0.221156 0.850855
vt 0.536310 0.002197
vt 0.571466 0.019815
vt 0.571375 0.016314
vt 0.566043 0.019697
vt 0.987077 0.019885
vt 0.560677 0.020010
vt 0.543207 0.019702
vt 0.542212 0.011080
vt 0.542549 0.016567
vt 0.972893 0.002007
vt 0.981450 0.775527
vt 0.981439 0.785460
vt 0.981463 0.775516
vt 0.574150 0.780220
vt 0.548788 0.790972
vt 0.997547 0.030590
vt 0.425792 0.017380
vt 0.018534 0.022024
vt 0.451154 0.006631
vt 0.018521 0.022034
vt 0.018547 0.012091
vt 0.457388 0.781037
vt 0.026997 0.795545
vt 0.428469 0.777785
vt 0.439258 0.777590
vt 0.456730 0.777900
vt 0.433892 0.777904
vt 0.012814 0.777665
vt 0.457726 0.786529
vt 0.428560 0.781287
s 1
f 1073/1/1 1074/2/1 1072/3/1
f 1068/4/2 1067/5/2 1069/6/2
f 1066/7/3 1064/8/3 1063/9/3
f 1018/10/4 1019/11/5 1049/12/6
f 1017/13/7 1018/10/4 1054/14/8
f 1016/15/9 1017/13/7 1062/16/10
f 1061/17/11 1023/18/12 1056/19/13
f 1014/20/14 1015/21/15 1053/22/16
f 1027/23/3 1026/24/17 1050/25/3
f 1020/26/3 1019/11/5 1040/27/3
f 1025/28/18 1026/24/17 1036/29/19
f 1024/30/20 1025/28/18 1034/31/21
f 1023/18/12 1024/30/20 1032/32/22
f 1016/15/9 1015/21/15 1033/33/23
f 1021/34/24 1022/35/25 1028/36/26
f 1038/37/27 1003/38/28 1036/29/19
f 1036/29/19 1001/39/29 1034/31/21
f 1034/31/21 1005/40/30 1032/32/22
f 1030/41/31 1009/42/32 1033/33/23
f 1031/43/33 1008/44/32 1028/36/26
f 1039/45/34 1002/46/28 1040/27/3
f 1039/45/34 1037/47/35 1002/46/28
f 1037/47/35 1035/48/36 1000/49/29
f 1035/48/36 1033/33/23 1004/50/30
f 1031/43/33 1032/32/22 1008/44/32
f 1030/41/31 1029/51/37 1009/42/32
f 1038/37/27 1041/52/3 1003/38/28
f 1041/52/3 1038/37/27 1027/23/3
f 1059/53/38 1055/54/39 1025/28/18
f 1060/55/40 1059/53/38 1024/30/20
f 1061/17/11 1060/55/40 1023/18/12
f 1032/32/22 1031/43/33 1023/18/12
f 1051/56/41 1056/19/13 1021/34/24
f 1052/57/3 1058/58/42 1020/26/3
f 1037/47/35 1039/45/34 1018/10/4
f 1035/48/36 1037/47/35 1017/13/7
f 1033/33/23 1035/48/36 1016/15/9
f 1062/16/10 1057/59/43 1016/15/9
f 1029/51/37 1030/41/31 1014/20/14
f 1000/49/29 1043/60/44 1002/46/28
f 1004/50/30 1044/61/45 1000/49/29
f 1006/62/46 1045/63/46 1004/50/30
f 1007/64/46 1045/63/46 1008/44/32
f 1011/65/2 1047/66/2 1009/42/32
f 1013/67/3 1048/68/3 1003/38/28
f 1001/39/29 1003/38/28 1043/60/44
f 1005/40/30 1001/39/29 1044/61/45
f 1007/64/46 1005/40/30 1045/63/46
f 1006/62/46 1009/42/32 1045/63/46
f 1010/69/2 1008/44/32 1047/66/2
f 1012/70/3 1002/46/28 1048/68/3
f 957/71/47 997/72/47 951/73/1
f 953/74/48 991/75/48 952/76/2
f 953/74/48 990/77/48 954/78/49
f 955/79/50 994/80/51 954/78/49
f 956/81/52 998/82/53 955/79/50
f 957/71/47 996/83/47 956/81/52
f 957/71/47 951/73/1 996/83/47
f 953/74/48 952/76/2 990/77/48
f 953/74/48 954/78/49 991/75/48
f 955/79/50 954/78/49 995/84/51
f 956/81/52 955/79/50 999/85/53
f 957/71/47 956/81/52 997/72/47
f 984/86/54 969/87/55 985/88/14
f 984/86/54 942/89/56 983/90/57
f 982/91/58 964/92/59 983/90/57
f 981/93/60 962/94/61 982/91/58
f 980/95/62 960/96/63 981/93/60
f 980/95/62 941/97/64 979/98/1
f 977/99/65 943/100/66 978/101/24
f 977/99/65 968/102/67 976/103/68
f 975/104/69 939/105/70 976/103/68
f 974/106/71 940/107/72 975/104/69
f 973/108/73 944/109/74 974/106/71
f 973/108/73 961/110/75 972/111/1
f 986/112/1 958/113/1 996/83/47
f 988/114/2 970/115/37 990/77/48
f 992/116/49 967/117/76 991/75/48
f 993/118/49 966/119/77 995/84/51
f 995/84/51 964/92/59 999/85/53
f 999/85/53 962/94/61 997/72/47
f 987/120/1 997/72/47 959/121/1
f 989/122/2 991/75/48 971/123/26
f 993/118/49 990/77/48 966/119/77
f 992/116/49 994/80/51 967/117/76
f 994/80/51 998/82/53 965/124/78
f 998/82/53 996/83/47 963/125/79
f 968/102/67 977/99/65 971/123/26
f 969/87/55 984/86/54 966/119/77
f 965/124/78 975/104/69 967/117/76
f 963/125/79 974/106/71 965/124/78
f 961/110/75 973/108/73 963/125/79
f 960/96/63 980/95/62 959/121/1
f 944/109/74 973/108/73 949/126/1
f 942/89/56 984/86/54 946/127/16
f 977/99/65 976/103/68 943/100/66
f 945/128/80 982/91/58 937/129/81
f 950/130/82 981/93/60 945/128/80
f 941/97/64 980/95/62 950/130/82
f 19/131/83 917/132/83 3/133/84
f 8/134/85 931/135/86 2/136/2
s 0
f 2/136/2 933/137/2 1/138/2
s 1
f 4/139/87 923/140/88 6/141/1
f 3/133/84 919/142/89 5/143/90
f 5/143/90 921/144/91 4/139/87
f 6/141/1 925/145/1 7/146/92
f 7/146/92 927/147/93 9/148/94
f 9/148/94 929/149/95 8/134/85
f 16/150/96 901/151/97 10/152/98
f 10/152/98 903/153/99 11/154/100
f 11/154/100 905/155/101 14/156/3
f 13/157/102 909/158/103 12/159/104
f 12/159/104 911/160/105 18/161/106
f 14/156/3 907/162/3 13/157/102
s 0
f 15/163/2 897/164/2 17/165/2
s 1
f 17/165/2 899/166/2 16/150/96
f 18/161/106 913/167/107 20/168/83
s 0
f 20/168/83 915/169/83 19/131/83
s 1
f 19/131/83 3/133/84 918/170/83
f 8/134/85 2/136/2 932/171/86
s 0
f 2/136/2 1/138/2 934/172/2
s 1
f 4/139/87 6/141/1 924/173/88
f 3/133/84 5/143/90 920/174/89
f 5/143/90 4/139/87 922/175/91
f 6/141/1 7/146/92 926/176/1
f 7/146/92 9/148/94 928/177/93
f 9/148/94 8/134/85 930/178/95
f 16/150/96 10/152/98 902/179/97
f 10/152/98 11/154/100 904/180/99
f 11/154/100 14/156/3 906/181/101
f 13/157/102 12/159/104 910/182/103
f 12/159/104 18/161/106 912/183/105
f 14/156/3 13/157/102 908/184/3
s 0
f 15/163/2 17/165/2 898/185/2
s 1
f 17/165/2 16/150/96 900/186/2
f 18/161/106 20/168/83 914/187/107
s 0
f 20/168/83 19/131/83 916/188/83
s 1
f 832/189/108 806/190/109 831/191/110
f 831/191/110 787/192/111 828/193/112
f 741/194/113 807/195/114 733/196/113
f 870/197/115 852/198/116 758/199/117
f 733/196/113 786/200/118 467/201/119
f 763/202/120 799/203/121 827/204/122
f 829/205/123 788/206/124 838/207/125
f 828/193/112 789/208/126 469/209/127
f 769/210/128 845/211/129 765/212/130
f 827/204/122 790/213/131 825/214/132
f 825/214/132 798/215/133 761/216/134
f 782/217/135 859/218/136 837/219/137
f 762/220/138 799/203/121 473/221/139
f 745/222/140 806/190/109 741/194/113
f 758/199/117 808/223/141 833/224/142
f 837/219/137 812/225/143 804/226/144
f 804/226/144 815/227/145 1126/228/146
f 832/189/108 759/229/147 806/190/109
f 775/230/148 776/231/149 760/232/150
f 818/233/151 1125/234/152 822/235/153
f 763/202/120 469/209/127 799/203/121
f 780/236/154 779/237/155 801/238/156
f 768/239/157 845/211/129 770/240/158
f 770/240/158 847/241/159 766/242/160
f 766/242/160 848/243/161 469/209/127
f 736/244/162 852/198/116 840/245/163
f 800/246/164 860/247/165 836/248/166
f 836/248/166 854/249/167 867/250/168
f 467/201/119 855/251/169 885/252/170
f 895/253/171 861/254/172 459/255/173
f 885/252/170 858/256/174 782/217/135
f 784/257/175 860/247/165 895/253/171
f 867/250/168 862/258/176 726/259/177
f 723/260/178 888/261/91 727/262/179
f 727/262/179 866/263/180 783/264/181
f 783/264/181 876/265/182 471/266/183
f 471/266/183 1118/267/184 754/268/185
f 703/269/186 704/270/187 725/271/188
f 41/272/189 880/273/190 742/274/191
f 767/275/192 771/276/193 750/277/194
f 742/274/191 881/278/195 820/279/196
f 820/279/196 883/280/197 721/281/198
f 771/276/193 769/210/128 738/282/199
f 769/210/128 765/212/130 734/283/200
f 1125/234/152 818/233/151 893/284/201
f 800/246/164 836/248/166 859/218/136
f 817/285/202 814/286/203 713/287/204
f 824/288/205 760/232/150 798/215/133
f 826/289/206 824/288/205 790/213/131
f 460/290/207 869/291/208 853/292/209
f 709/293/210 708/294/211 724/295/212
f 757/296/213 473/221/139 789/208/126
f 828/193/112 469/209/127 788/206/124
f 729/297/214 724/295/212 720/298/215
f 882/299/216 732/300/217 880/273/190
f 728/301/218 708/294/211 756/302/219
f 747/303/83 918/170/83 890/304/178
f 829/205/123 838/207/125 743/305/220
f 830/306/221 829/205/123 712/307/222
f 890/304/178 723/260/178 747/303/83
f 723/260/178 727/262/179 719/308/83
f 460/290/207 853/292/209 821/309/223
f 778/310/224 777/311/225 853/292/209
f 762/220/138 826/289/206 799/203/121
f 736/244/162 840/245/163 786/200/118
f 814/286/203 818/233/151 737/312/226
f 818/233/151 822/235/153 746/313/227
f 801/238/156 461/314/228 780/236/154
f 765/212/130 841/315/229 780/236/154
f 822/235/153 464/316/230 744/317/231
f 853/292/209 849/318/232 778/310/224
f 764/319/233 761/216/134 778/310/224
f 464/316/230 1112/320/234 730/321/235
f 833/224/142 830/306/221 718/322/236
f 763/202/120 827/204/122 766/242/160
f 758/199/117 833/224/142 717/323/237
f 795/324/238 775/230/148 1114/325/239
f 870/197/115 758/199/117 752/326/240
f 742/274/191 702/327/241 41/272/189
f 761/216/134 816/328/242 777/311/225
f 795/324/238 813/329/243 775/230/148
f 736/244/162 759/229/147 852/198/116
f 825/214/132 768/239/157 827/204/122
f 760/232/150 716/330/244 775/230/148
f 716/330/244 865/331/245 774/332/239
f 831/191/110 793/333/246 832/189/108
f 889/334/247 56/335/248 702/327/241
f 1126/228/146 47/336/239 804/226/144
f 1138/337/239 850/338/249 47/336/239
f 761/216/134 764/319/233 825/214/132
f 467/201/119 536/339/250 733/196/113
f 842/340/251 871/341/239 536/339/250
f 733/196/113 803/342/239 741/194/113
s 0
f 871/341/239 872/343/239 803/342/239
s 1
f 741/194/113 535/344/239 745/222/140
s 0
f 872/343/239 873/345/239 535/344/239
s 1
f 745/222/140 714/346/239 755/347/252
f 873/345/239 874/348/253 714/346/239
f 755/347/252 534/349/254 757/296/213
f 759/229/147 736/244/162 807/195/114
f 874/348/253 875/350/255 534/349/254
f 474/351/256 532/352/257 762/220/138
f 755/347/252 757/296/213 787/192/111
f 745/222/140 755/347/252 806/190/109
f 864/353/258 797/354/259 474/351/256
f 468/355/260 531/356/261 843/357/260
f 473/221/139 757/296/213 468/355/260
f 1119/358/190 815/227/145 726/259/177
f 796/359/262 794/360/263 797/354/259
f 824/288/205 826/289/206 794/360/263
f 865/331/245 716/330/244 796/359/262
f 760/232/150 824/288/205 716/330/244
f 465/361/264 466/362/265 856/363/266
f 782/217/135 837/219/137 465/361/264
f 709/293/210 710/364/1 819/365/267
f 474/351/256 468/355/260 864/353/258
f 762/220/138 473/221/139 474/351/256
f 466/362/265 715/366/268 809/367/269
f 1123/368/202 801/238/156 869/291/208
f 837/219/137 804/226/144 466/362/265
f 777/311/225 776/231/149 846/369/270
f 536/339/250 463/370/271 842/340/251
f 821/309/223 846/369/270 835/371/272
f 467/201/119 885/252/170 536/339/250
f 782/217/135 465/361/264 885/252/170
f 856/363/266 844/372/273 465/361/264
f 721/281/198 932/171/86 462/373/274
f 462/373/274 934/172/2 891/374/275
f 756/302/219 707/375/276 1117/376/277
f 830/306/221 833/224/142 793/333/246
f 829/205/123 830/306/221 788/206/124
f 828/193/112 788/206/124 831/191/110
f 721/281/198 462/373/274 820/279/196
f 869/291/208 460/290/207 1122/377/278
f 464/316/230 822/235/153 1120/378/279
f 353/379/280 821/309/223 892/380/279
f 891/374/275 887/381/281 462/373/274
f 890/304/178 720/298/215 723/260/178
f 838/207/125 767/275/192 533/382/282
f 819/365/267 722/383/283 883/280/197
f 883/280/197 881/278/195 819/365/267
f 705/384/284 150/385/285 726/259/177
f 751/386/286 705/384/284 878/387/287
f 124/388/288 751/386/286 1118/267/184
f 759/229/147 832/189/108 808/223/141
f 756/302/219 1117/376/277 876/265/182
f 728/301/218 756/302/219 866/263/180
f 724/295/212 728/301/218 888/261/91
f 868/389/289 725/271/188 862/258/176
f 800/246/164 896/390/290 860/247/165
f 836/248/166 867/250/168 812/225/143
f 896/390/290 800/246/164 858/256/174
f 896/390/290 840/245/163 861/254/172
f 768/239/157 764/319/233 845/211/129
f 840/245/163 896/390/290 855/251/169
f 834/391/291 868/389/289 854/249/167
f 784/257/175 834/391/291 860/247/165
f 870/197/115 459/255/173 852/198/116
f 767/275/192 838/207/125 848/243/161
f 771/276/193 767/275/192 847/241/159
f 769/210/128 771/276/193 845/211/129
f 823/392/292 835/371/272 795/324/238
f 702/327/241 537/393/293 889/334/247
f 742/274/191 820/279/196 702/327/241
f 459/255/173 870/197/115 802/394/294
f 895/253/171 459/255/173 894/395/295
f 784/257/175 895/253/171 739/396/296
f 801/238/156 1116/397/202 461/314/228
f 727/262/179 783/264/181 749/398/297
f 783/264/181 471/266/183 711/399/298
f 834/391/291 784/257/175 753/400/299
f 765/212/130 780/236/154 735/401/300
f 868/389/289 834/391/291 863/402/301
f 725/271/188 868/389/289 772/403/302
f 754/268/185 703/269/186 470/404/303
f 471/266/183 754/268/185 810/405/304
s 0
f 774/332/239 773/406/239 1114/325/239
s 1
f 729/297/214 924/173/88 710/364/1
f 724/295/212 729/297/214 709/293/210
f 819/365/267 732/300/217 709/293/210
f 732/300/217 882/299/216 708/294/211
f 882/299/216 880/273/190 707/375/276
f 751/386/286 124/388/288 705/384/284
f 726/259/177 879/407/305 705/384/284
f 754/268/185 878/387/287 703/269/186
f 725/271/188 772/403/302 703/269/186
f 778/310/224 779/237/155 764/319/233
f 460/290/207 821/309/223 347/408/152
f 920/174/89 922/175/91 890/304/178
f 922/175/91 924/173/88 720/298/215
f 926/176/1 928/177/93 710/364/1
f 722/383/283 928/177/93 884/409/306
f 930/178/95 932/171/86 884/409/306
f 658/410/307 902/179/97 487/411/308
f 904/180/99 906/181/101 487/411/308
f 657/412/309 906/181/101 669/413/3
f 659/414/310 650/415/103 912/183/105
f 659/414/310 912/183/105 481/416/311
f 442/417/312 558/418/313 1111/419/314
f 530/420/315 600/421/316 615/422/317
f 678/423/318 607/424/319 676/425/320
f 675/426/321 493/427/322 676/425/320
f 675/426/321 492/428/323 674/429/324
f 673/430/325 1108/431/326 674/429/324
f 1136/432/327 310/433/328 672/434/329
f 672/434/329 489/435/330 671/436/331
f 671/436/331 647/437/332 670/438/333
f 669/413/3 650/415/103 670/438/333
f 908/184/3 910/182/103 669/413/3
s 0
f 1137/439/239 606/440/239 1102/441/239
s 1
f 690/442/334 625/443/335 569/444/336
f 678/423/318 676/425/320 690/442/334
f 508/445/337 503/446/338 607/424/319
f 626/447/339 545/448/340 508/445/337
f 598/449/228 599/450/341 644/451/342
f 640/452/343 595/453/344 626/447/339
f 569/444/336 689/454/345 668/455/346
f 668/455/346 596/456/347 630/457/348
f 666/458/349 1110/459/350 699/460/228
f 477/461/295 476/462/351 640/452/343
f 577/463/352 701/464/353 477/461/295
f 627/465/354 501/466/355 577/463/352
f 679/467/293 559/468/356 677/469/241
f 484/470/281 679/467/293 482/471/247
f 566/472/357 544/473/358 584/474/359
f 524/475/360 608/476/361 526/477/362
f 523/478/363 612/479/364 524/475/360
f 520/480/365 541/481/366 523/478/363
f 514/482/367 701/464/353 519/483/368
f 517/484/369 545/448/340 511/485/370
f 509/486/371 503/446/338 517/484/369
f 513/487/372 475/488/373 516/489/374
f 530/420/315 615/422/317 526/477/362
f 514/482/367 539/490/375 510/491/376
f 512/492/377 579/493/378 513/487/372
f 564/494/379 504/495/380 567/496/381
f 510/491/376 475/488/373 511/485/370
f 492/428/323 654/497/382 509/486/371
f 505/498/383 651/499/384 483/500/310
f 495/501/385 623/502/386 505/498/383
f 1134/503/387 688/504/326 495/501/385
f 568/505/388 547/506/389 571/507/390
f 493/427/322 628/508/391 494/509/392
f 675/426/321 674/429/324 493/427/322
f 1104/510/328 673/430/325 653/511/393
f 647/437/332 490/512/394 560/513/395
f 487/411/308 657/412/309 488/514/396
f 629/515/397 612/479/364 683/516/398
f 483/500/310 659/414/310 656/517/311
f 679/467/293 484/470/281 698/518/274
f 544/473/358 558/418/313 1107/519/399
f 1133/520/312 557/521/400 479/522/399
f 1111/419/314 700/523/401 1106/524/402
f 679/467/293 698/518/274 559/468/356
f 586/525/403 591/526/404 548/527/405
f 586/525/403 549/528/406 591/526/404
f 568/505/388 546/529/407 586/525/403
f 1136/432/327 672/434/329 688/504/326
f 898/185/2 900/186/2 480/530/275
f 900/186/2 902/179/97 698/518/274
f 697/531/271 527/532/273 695/533/264
f 697/531/271 695/533/264 486/534/408
f 697/531/271 486/534/408 680/535/250
f 566/472/357 525/536/409 544/473/358
f 527/532/273 697/531/271 529/537/251
f 566/472/357 603/538/410 525/536/409
f 664/539/268 575/540/411 694/541/265
f 522/542/412 578/543/413 502/544/414
f 521/545/249 664/539/268 570/546/269
f 692/547/260 687/548/415 686/549/256
f 528/550/260 692/547/260 507/551/258
f 657/412/309 669/413/3 560/513/395
f 694/541/265 542/552/416 695/533/264
f 570/546/269 694/541/265 515/553/266
f 585/554/263 555/555/417 663/556/244
f 585/554/263 663/556/244 583/557/262
f 684/558/257 553/559/418 585/554/263
f 684/558/257 585/554/263 582/560/259
f 504/495/380 564/494/379 653/511/393
f 685/561/261 622/562/419 692/547/260
f 496/563/255 685/561/261 528/550/260
f 684/558/257 582/560/259 686/549/256
f 592/564/420 624/565/421 573/566/422
f 590/567/423 622/562/419 592/564/420
f 553/559/418 684/558/257 617/568/424
f 685/561/261 496/563/255 682/569/254
f 593/570/425 643/571/426 572/572/427
f 685/561/261 682/569/254 622/562/419
f 682/569/254 497/573/253 665/574/239
f 682/569/254 665/574/239 624/565/421
s 0
f 665/574/239 498/575/239 681/576/239
s 1
f 665/574/239 681/576/239 634/577/428
s 0
f 681/576/239 499/578/239 576/579/239
s 1
f 681/576/239 576/579/239 638/580/429
f 576/579/239 500/581/239 680/535/250
f 576/579/239 680/535/250 646/582/429
f 611/583/430 615/422/317 554/584/431
f 664/539/268 521/545/249 594/585/239
f 664/539/268 594/585/239 575/540/411
f 1135/586/248 587/587/248 677/469/241
f 568/505/388 586/525/403 547/506/389
f 606/440/239 506/588/245 605/589/239
f 605/589/239 663/556/244 604/590/432
f 609/591/433 611/583/430 552/592/434
f 571/507/390 620/593/435 519/483/368
f 603/538/410 566/472/357 604/590/432
f 603/538/410 563/594/436 602/595/437
f 1135/586/248 677/469/241 1101/596/438
f 662/597/439 621/598/440 627/465/354
f 605/589/239 604/590/432 1102/441/239
f 661/599/441 546/529/407 662/597/439
f 609/591/433 552/592/434 613/600/442
f 667/601/443 549/528/406 661/599/441
f 639/602/444 385/603/445 649/604/446
f 602/595/437 618/605/447 601/606/448
f 600/421/316 522/542/412 601/606/448
f 649/604/446 696/607/449 635/608/450
f 600/421/316 530/420/315 599/450/341
f 598/449/228 699/460/228 599/450/341
f 635/608/450 557/521/400 633/609/451
f 633/609/451 561/610/452 642/611/453
f 516/489/374 539/490/375 593/570/425
f 589/612/454 553/559/418 580/613/455
f 525/536/409 602/595/437 518/614/456
f 525/536/409 518/614/456 558/418/313
f 630/457/348 652/615/457 660/616/83
f 660/616/83 656/517/311 632/617/83
f 636/618/458 550/619/459 667/601/443
f 683/516/398 541/481/366 636/618/458
f 914/187/107 916/188/83 481/416/311
f 672/434/329 671/436/331 623/502/386
f 490/512/394 647/437/332 310/433/328
f 483/500/310 655/620/460 659/414/310
f 520/480/365 691/621/461 591/526/404
f 574/622/462 687/548/415 590/567/423
f 651/499/384 671/436/331 655/620/460
f 522/542/412 502/544/414 518/614/456
f 581/623/463 555/555/417 589/612/454
f 563/594/436 619/624/464 581/623/463
f 642/611/453 565/625/465 666/458/349
f 567/496/381 543/626/466 512/492/377
f 565/625/465 561/610/452 379/627/402
f 644/451/342 614/628/467 645/629/468
f 645/629/468 610/630/469 641/631/470
f 487/411/308 488/514/396 658/410/307
f 488/514/396 490/512/394 559/468/356
f 641/631/470 608/476/361 629/515/397
f 490/512/394 310/433/328 637/632/471
f 492/428/323 675/426/321 654/497/382
f 493/427/322 494/509/392 625/443/335
f 1134/503/387 495/501/385 689/454/345
f 495/501/385 505/498/383 596/456/347
f 505/498/383 483/500/310 652/615/457
f 492/428/323 509/486/371 653/511/393
f 510/491/376 511/485/370 476/462/351
f 512/492/377 513/487/372 597/633/472
f 514/482/367 510/491/376 701/464/353
f 513/487/372 516/489/374 486/534/408
f 509/486/371 517/484/369 504/495/380
f 517/484/369 511/485/370 543/626/466
f 514/482/367 519/483/368 539/490/375
f 520/480/365 523/478/363 691/621/461
f 523/478/363 524/475/360 613/600/442
f 524/475/360 526/477/362 609/591/433
f 522/542/412 600/421/316 578/543/413
f 574/622/462 691/621/461 580/613/455
f 1133/520/312 485/634/314 557/521/400
f 563/594/436 603/538/410 619/624/464
f 572/572/427 620/593/435 573/566/422
f 1104/510/328 564/494/379 293/635/473
f 636/618/458 743/305/220 683/516/398
f 564/494/379 567/496/381 575/540/411
f 568/505/388 571/507/390 546/529/407
f 572/572/427 573/566/422 638/580/429
f 574/622/462 580/613/455 687/548/415
f 567/496/381 512/492/377 542/552/416
f 563/594/436 581/623/463 618/605/447
f 581/623/463 589/612/454 554/584/431
f 530/420/315 526/477/362 614/628/467
f 863/402/301 753/400/299 508/445/337
f 574/622/462 590/567/423 691/621/461
f 520/480/365 591/526/404 541/481/366
f 569/444/336 810/405/304 690/442/334
f 589/612/454 580/613/455 552/592/434
f 516/489/374 593/570/425 693/636/474
f 719/308/83 749/398/297 660/616/83
f 571/507/390 519/483/368 621/598/440
f 593/570/425 572/572/427 646/582/429
f 590/567/423 592/564/420 551/637/475
f 592/564/420 573/566/422 548/527/405
s 0
f 455/638/239 472/639/239 454/640/239
s 1
f 639/602/444 740/641/476 455/638/239
f 649/604/446 730/321/235 639/602/444
f 635/608/450 744/317/231 649/604/446
f 633/609/451 746/313/227 635/608/450
f 642/611/453 737/312/226 633/609/451
f 666/458/349 713/287/204 642/611/453
f 699/460/228 461/314/228 666/458/349
s 0
f 598/449/228 781/642/228 699/460/228
s 1
f 644/451/342 735/401/300 598/449/228
f 645/629/468 734/283/200 644/451/342
f 641/631/470 738/282/199 645/629/468
f 629/515/397 750/277/194 641/631/470
f 533/382/282 750/277/194 683/516/398
f 667/601/443 712/307/222 636/618/458
f 661/599/441 718/322/236 667/601/443
f 662/597/439 717/323/237 661/599/441
f 627/465/354 752/326/240 662/597/439
f 577/463/352 802/394/294 627/465/354
f 477/461/295 894/395/295 577/463/352
f 640/452/343 739/396/296 477/461/295
f 626/447/339 753/400/299 640/452/343
f 607/424/319 772/403/302 508/445/337
f 678/423/318 538/643/477 607/424/319
f 690/442/334 470/404/303 678/423/318
f 668/455/346 711/399/298 569/444/336
f 630/457/348 749/398/297 668/455/346
s 0
f 632/617/83 747/303/83 660/616/83
f 916/188/83 918/170/83 632/617/83
s 1
f 349/644/478 368/645/479 393/646/480
f 351/647/481 349/644/478 390/648/482
f 348/649/483 369/650/484 295/651/485
f 370/652/486 414/653/487 320/654/488
f 417/655/489 348/649/483 29/656/490
f 352/657/491 361/658/492 389/659/493
f 413/660/494 350/661/495 400/662/496
f 367/663/497 351/647/481 31/664/498
f 403/665/499 407/666/500 327/667/501
f 360/668/502 352/657/491 387/669/503
f 378/670/504 360/668/502 323/671/505
f 374/672/506 421/673/507 399/674/508
f 367/663/497 361/658/492 35/675/509
f 369/650/484 368/645/479 303/676/485
f 373/677/510 370/652/486 395/678/511
f 377/679/512 374/672/506 366/680/513
f 1097/681/514 377/679/512 491/682/515
f 369/650/484 321/683/516 368/645/479
f 378/670/504 338/684/517 322/685/518
f 1131/686/519 1100/687/520 384/688/521
f 367/663/497 31/664/498 361/658/492
f 411/689/522 341/690/523 363/691/524
f 409/692/525 407/666/500 332/693/526
f 410/694/527 409/692/525 328/695/528
f 413/660/494 410/694/527 31/664/498
f 419/696/529 414/653/487 402/697/530
f 416/698/531 422/699/532 398/700/533
f 424/701/534 416/698/531 429/702/535
f 420/703/536 417/655/489 447/704/537
f 419/696/529 423/705/538 21/706/539
f 421/673/507 420/703/536 344/707/540
f 423/705/538 422/699/532 457/708/541
f 441/709/542 424/701/534 288/710/543
f 428/711/544 450/712/91 289/713/545
f 438/714/546 428/711/544 345/715/547
f 1130/716/548 438/714/546 33/717/549
f 440/718/550 439/719/551 316/720/552
f 441/709/542 266/721/553 287/722/554
f 443/723/555 556/724/514 304/725/556
f 300/726/557 333/727/558 312/728/559
f 445/729/560 443/723/555 382/730/561
f 446/731/562 445/729/560 283/732/563
f 296/733/564 331/734/565 300/726/557
f 297/735/566 327/667/501 296/733/564
f 376/736/567 380/737/568 731/738/569
f 374/672/506 398/700/533 421/673/507
f 299/739/570 376/736/567 275/740/571
f 378/670/504 322/685/518 360/668/502
f 360/668/502 386/741/572 352/657/491
f 411/689/522 431/742/272 415/743/573
f 290/744/574 270/745/575 286/746/212
f 367/663/497 35/675/509 351/647/481
f 413/660/494 31/664/498 350/661/495
f 450/712/91 286/746/212 282/747/215
f 443/723/555 294/748/576 556/724/514
f 269/749/577 270/745/575 318/750/578
f 919/142/89 917/132/83 452/751/178
f 95/752/579 400/662/496 305/753/580
f 305/753/580 391/754/581 274/755/582
f 281/756/83 285/757/178 309/758/83
f 311/759/583 289/713/545 281/756/83
f 408/760/584 415/743/573 383/761/585
f 408/760/584 339/762/586 415/743/573
f 352/657/491 388/763/587 361/658/492
f 417/655/489 402/697/530 348/649/483
f 308/764/588 380/737/568 299/739/570
f 306/765/589 384/688/521 308/764/588
f 343/766/239 23/767/239 342/768/590
f 341/690/523 403/665/499 342/768/590
f 292/769/591 26/770/592 306/765/589
f 341/690/523 411/689/522 340/771/593
f 339/762/586 323/671/505 340/771/593
f 302/772/594 1090/773/595 292/769/591
f 274/755/582 392/774/596 280/775/597
f 332/693/526 389/659/493 328/695/528
f 280/775/597 395/678/511 279/776/598
f 336/777/228 337/778/599 1091/779/228
f 279/776/598 320/654/488 314/780/600
f 1132/781/601 264/782/602 1099/783/603
f 338/684/517 378/670/504 339/762/586
f 338/684/517 375/784/604 337/778/599
f 370/652/486 321/683/516 414/653/487
f 332/693/526 330/785/605 389/659/493
f 336/777/228 278/786/606 337/778/599
f 335/787/228 427/788/607 336/777/228
f 373/677/510 355/789/608 394/790/609
f 1132/781/601 1098/791/601 264/782/602
f 277/792/610 540/793/228 366/680/513
f 277/792/610 412/794/611 540/793/228
f 330/785/605 326/795/612 387/669/503
f 365/796/228 98/797/613 295/651/485
f 365/796/228 433/798/228 98/797/613
f 97/799/228 365/796/228 303/676/485
s 0
f 97/799/228 434/800/228 365/796/228
s 1
f 276/801/228 97/799/228 307/802/614
s 0
f 276/801/228 435/803/228 97/799/228
s 1
f 96/804/615 276/801/228 317/805/616
f 96/804/615 436/806/617 276/801/228
f 93/807/618 96/804/615 319/808/619
f 348/649/483 298/809/620 369/650/484
f 93/807/618 437/810/621 96/804/615
f 388/763/587 94/811/622 324/812/623
f 351/647/481 319/808/619 349/644/478
f 349/644/478 317/805/616 368/645/479
f 94/811/622 359/813/624 36/814/625
f 437/810/621 93/807/618 405/815/626
f 93/807/618 319/808/619 30/816/626
f 429/702/535 377/679/512 288/710/543
f 94/811/622 356/817/627 359/813/624
f 94/811/622 388/763/587 356/817/627
f 356/817/627 278/786/606 358/818/628
f 356/817/627 386/741/572 278/786/606
f 371/819/629 28/820/630 418/821/631
f 28/820/630 399/674/508 27/822/632
f 284/823/633 272/824/1 381/825/634
f 405/815/626 30/816/626 426/826/635
f 30/816/626 35/675/509 36/814/625
f 412/794/611 277/792/610 371/819/629
f 411/689/522 363/691/524 431/742/272
f 277/792/610 366/680/513 28/820/630
f 375/784/604 338/684/517 408/760/584
f 406/827/636 25/828/637 404/829/638
f 375/784/604 408/760/584 397/830/208
f 25/828/637 447/704/537 98/797/613
f 25/828/637 27/822/632 447/704/537
f 25/828/637 406/827/636 27/822/632
f 933/137/2 931/135/86 24/831/639
f 936/832/2 933/137/2 453/833/640
f 1128/834/641 269/749/577 1093/835/642
f 373/677/510 395/678/511 355/789/608
f 355/789/608 392/774/596 350/661/495
f 355/789/608 350/661/495 393/646/480
f 99/836/643 24/831/639 382/730/561
f 448/837/520 22/838/644 1095/839/569
f 1131/686/519 384/688/521 1094/840/645
f 397/830/208 383/761/585 648/841/645
f 99/836/643 449/842/646 24/831/639
f 450/712/91 282/747/215 285/757/178
f 312/728/559 329/843/647 95/752/579
f 446/731/562 284/823/633 445/729/560
f 294/748/576 443/723/555 381/825/634
f 1097/681/514 268/844/648 288/710/543
f 266/721/553 267/845/649 440/718/550
f 440/718/550 313/846/650 439/719/551
f 373/677/510 394/790/609 370/652/486
f 1130/716/548 1093/835/642 438/714/546
f 438/714/546 318/750/578 428/711/544
f 428/711/544 290/744/574 450/712/91
f 441/709/542 287/722/554 424/701/534
f 423/705/538 458/847/651 422/699/532
f 377/679/512 429/702/535 374/672/506
f 421/673/507 362/848/652 420/703/536
f 419/696/529 402/697/530 423/705/538
f 403/665/499 326/795/612 407/666/500
f 420/703/536 458/847/651 417/655/489
f 424/701/534 430/849/653 416/698/531
f 416/698/531 396/850/654 422/699/532
f 419/696/529 21/706/539 414/653/487
f 413/660/494 400/662/496 410/694/527
f 410/694/527 329/843/647 409/692/525
f 409/692/525 333/727/558 407/666/500
f 375/784/604 397/830/208 357/851/655
f 449/842/646 99/836/643 451/852/656
f 99/836/643 382/730/561 264/782/602
f 314/780/600 432/853/657 364/854/658
f 364/854/658 21/706/539 456/855/659
f 456/855/659 457/708/541 301/856/660
f 275/740/571 1092/857/661 23/767/239
f 273/858/662 345/715/547 311/759/583
f 372/859/663 33/717/549 273/858/662
f 301/856/660 346/860/664 315/861/665
f 343/766/239 342/768/590 297/735/566
f 315/861/665 396/850/654 425/862/666
f 425/862/666 430/849/653 334/863/667
f 100/864/668 265/865/669 32/866/670
f 32/866/670 316/720/552 372/859/663
s 0
f 1129/867/228 335/787/228 1091/779/228
s 1
f 925/145/1 923/140/88 272/824/1
f 272/824/1 291/868/214 271/869/671
f 270/745/575 294/748/576 271/869/671
f 269/749/577 444/870/672 270/745/575
f 1128/834/641 556/724/514 269/749/577
f 268/844/648 34/871/642 267/845/649
f 266/721/553 441/709/542 267/845/649
f 266/721/553 440/718/550 265/865/669
f 100/864/668 334/863/667 265/865/669
f 403/665/499 341/690/523 326/795/612
f 401/872/519 383/761/585 448/837/520
f 282/747/215 921/144/91 452/751/178
f 291/868/214 923/140/88 282/747/215
f 284/823/633 927/147/93 272/824/1
f 929/149/95 927/147/93 446/731/562
f 283/732/563 931/135/86 446/731/562
f 903/153/99 901/151/97 49/873/673
f 219/874/674 905/155/101 49/873/673
f 907/162/3 905/155/101 231/875/3
f 909/158/103 212/876/103 911/160/105
f 913/167/107 911/160/105 43/877/311
f 262/878/675 120/879/676 1081/880/677
f 163/881/678 162/882/679 177/883/680
f 216/884/681 169/885/682 238/886/683
f 187/887/684 55/888/685 238/886/683
f 215/889/686 54/890/687 236/891/688
f 190/892/689 1087/893/690 236/891/688
f 51/894/691 1076/895/692 234/896/693
f 209/897/694 51/894/691 233/898/695
f 122/899/696 209/897/694 232/900/697
f 217/901/460 212/876/103 232/900/697
f 212/876/103 909/158/103 231/875/3
s 0
f 167/902/228 168/903/228 1077/904/228
s 1
f 251/905/698 187/887/684 131/906/699
f 187/887/684 238/886/683 252/907/700
f 216/884/681 65/908/701 169/885/682
f 65/908/701 107/909/702 70/910/703
f 176/911/704 161/912/705 206/913/706
f 107/909/702 157/914/707 188/915/708
f 158/916/709 251/905/698 230/917/710
f 214/918/711 158/916/709 192/919/712
f 140/920/713 1085/921/714 261/922/239
f 157/914/707 38/923/715 202/924/716
f 38/923/715 263/925/717 39/926/659
f 263/925/717 63/927/718 139/928/719
f 199/929/720 121/930/721 239/931/602
f 239/931/602 241/932/643 44/933/656
f 1084/934/722 106/935/414 146/936/723
f 172/937/724 170/938/725 88/939/726
f 170/938/725 174/940/727 86/941/728
f 174/940/727 103/942/729 85/943/730
f 63/927/718 263/925/717 81/944/731
f 157/914/707 107/909/702 73/945/732
f 107/909/702 65/908/701 79/946/733
f 101/947/734 37/948/735 78/949/736
f 173/950/737 177/883/680 88/939/726
f 37/948/735 101/947/734 72/951/738
f 37/948/735 141/952/739 75/953/740
f 105/954/741 66/955/742 129/956/743
f 141/952/739 37/948/735 73/945/732
f 65/908/701 216/884/681 71/957/744
f 217/901/460 213/958/745 45/959/310
f 213/958/745 185/960/746 67/961/747
f 185/960/746 250/962/748 57/963/749
f 182/964/750 109/965/751 133/966/752
f 1087/893/690 190/892/689 1075/967/753
f 190/892/689 236/891/688 55/888/685
f 236/891/688 1083/968/754 215/889/686
f 50/969/755 52/970/756 122/899/696
f 122/899/696 219/874/674 50/969/755
f 103/942/729 174/940/727 245/971/757
f 43/877/311 221/972/310 218/973/311
f 42/974/640 46/975/646 260/976/639
f 1088/977/758 120/879/676 1082/978/759
f 258/979/760 119/980/761 748/981/759
f 64/982/358 262/878/675 1080/983/762
f 220/984/763 260/976/639 121/930/721
f 113/985/764 153/986/765 110/987/766
f 112/988/767 111/989/768 153/986/765
f 111/989/768 108/990/769 148/991/770
f 185/960/746 234/896/693 250/962/748
f 260/976/639 899/166/2 42/974/640
f 220/984/763 901/151/97 260/976/639
f 77/992/631 89/993/636 257/994/632
f 159/995/771 257/994/632 48/996/772
f 255/997/773 48/996/772 242/998/613
f 120/879/676 87/999/774 106/935/414
f 242/998/613 259/1000/637 91/1001/638
f 164/1002/775 165/1003/776 87/999/774
f 104/1004/777 137/1005/778 256/1006/630
f 588/1007/714 140/920/713 64/982/358
f 256/1006/630 226/1008/610 132/1009/629
f 179/1010/779 249/1011/780 248/1012/625
f 248/1012/625 254/1013/626 69/1014/635
f 232/900/697 231/875/3 122/899/696
f 159/995/771 104/1004/777 257/994/632
f 257/994/632 256/1006/630 77/992/631
f 181/1015/781 117/1016/782 225/1017/606
f 68/1018/607 225/1017/606 145/1019/628
f 117/1016/782 115/1020/783 147/1021/627
f 145/1019/628 147/1021/627 144/1022/624
f 53/1023/692 126/1024/784 215/889/686
f 249/1011/780 184/1025/785 254/1013/626
f 254/1013/626 247/1026/618 90/1027/626
f 69/1014/635 144/1022/624 248/1012/625
f 196/1028/786 186/1029/787 135/1030/788
f 186/1029/787 184/1025/785 154/1031/789
f 248/1012/625 246/1032/622 179/1010/779
f 59/1033/617 58/1034/621 244/1035/615
f 182/964/750 205/1036/790 134/1037/791
f 186/1029/787 244/1035/615 184/1025/785
f 60/1038/228 59/1033/617 227/1039/228
f 196/1028/786 227/1039/228 186/1029/787
s 0
f 61/1040/228 60/1038/228 243/1041/228
s 1
f 200/1042/792 243/1041/228 196/1028/786
s 0
f 62/1043/228 61/1040/228 138/1044/228
s 1
f 208/1045/792 138/1044/228 200/1042/792
f 91/1001/638 62/1043/228 242/998/613
f 255/997/773 242/998/613 208/1045/792
f 180/1046/793 177/883/680 116/1047/794
f 1127/1048/228 83/1049/611 1079/1050/228
f 210/1051/795 1079/1050/228 137/1005/778
f 44/933/656 149/1052/601 239/931/602
f 110/987/766 148/991/770 109/965/751
f 225/1017/606 68/1018/607 167/902/228
f 181/1015/781 225/1017/606 166/1053/796
f 116/1047/794 173/950/737 114/1054/797
f 205/1036/790 182/964/750 81/944/731
f 146/936/723 128/1055/798 166/1053/796
f 180/1046/793 125/1056/799 164/1002/775
f 199/929/720 239/931/602 1078/1057/800
f 63/927/718 183/1058/801 189/1059/802
f 146/936/723 166/1053/796 1077/904/228
f 183/1058/801 108/990/769 224/1060/803
f 178/1061/804 114/1054/797 175/1062/805
f 108/990/769 111/989/768 223/1063/806
f 258/979/760 785/1064/807 211/1065/453
f 177/883/680 180/1046/793 163/881/678
f 80/1066/808 84/1067/809 163/881/678
f 119/980/761 258/979/760 197/1068/451
f 176/911/704 92/1069/810 161/912/705
f 140/920/713 261/922/239 161/912/705
f 123/1070/811 119/980/761 195/1071/450
f 127/1072/812 123/1070/811 204/1073/446
f 205/1036/790 101/947/734 155/1074/813
f 179/1010/779 115/1020/783 142/1075/814
f 163/881/678 164/1002/775 80/1066/808
f 262/878/675 80/1066/808 120/879/676
f 218/973/311 214/918/711 222/1076/83
f 43/877/311 218/973/311 194/1077/83
f 111/989/768 112/988/767 229/1078/815
f 112/988/767 103/942/729 198/1079/816
f 194/1077/83 915/169/83 43/877/311
f 213/958/745 233/898/695 185/960/746
f 51/894/691 209/897/694 1076/895/692
f 212/876/103 217/901/460 221/972/310
f 113/985/764 253/1080/817 153/986/765
f 184/1025/785 249/1011/780 152/1081/818
f 232/900/697 233/898/695 217/901/460
f 262/878/675 64/982/358 80/1066/808
f 115/1020/783 117/1016/782 151/1082/819
f 117/1016/782 181/1015/781 143/1083/820
f 1089/1084/714 127/1072/812 228/1085/821
f 141/952/739 105/954/741 74/1086/822
f 791/1087/677 123/1070/811 40/1088/823
f 172/937/724 176/911/704 207/1089/824
f 170/938/725 172/937/724 203/1090/825
f 121/930/721 50/969/755 220/984/763
f 199/929/720 52/970/756 121/930/721
f 174/940/727 170/938/725 191/1091/826
f 1078/1057/800 1076/895/692 199/929/720
f 238/886/683 237/1092/827 216/884/681
f 251/905/698 1075/967/753 187/887/684
f 158/916/709 57/963/749 251/905/698
f 214/918/711 67/961/747 158/916/709
f 218/973/311 45/959/310 214/918/711
f 66/955/742 71/957/744 215/889/686
f 157/914/707 73/945/732 38/923/715
f 48/996/772 75/953/740 159/995/771
f 38/923/715 72/951/738 263/925/717
f 255/997/773 78/949/736 48/996/772
f 105/954/741 79/946/733 66/955/742
f 141/952/739 73/945/732 105/954/741
f 205/1036/790 81/944/731 101/947/734
f 175/1062/805 85/943/730 253/1080/817
f 171/1093/828 86/941/728 175/1062/805
f 173/950/737 88/939/726 171/1093/828
f 161/912/705 162/882/679 140/920/713
f 178/1061/804 253/1080/817 142/1075/814
f 123/1070/811 791/1087/677 119/980/761
f 166/1053/796 165/1003/776 181/1015/781
f 109/965/751 182/964/750 135/1030/788
f 137/1005/778 126/1024/784 210/1051/795
f 95/752/579 305/753/580 245/971/757
f 104/1004/777 129/956/743 137/1005/778
f 183/1058/801 133/966/752 108/990/769
f 196/1028/786 135/1030/788 200/1042/792
f 179/1010/779 142/1075/814 249/1011/780
f 159/995/771 74/1086/822 104/1004/777
f 116/1047/794 143/1083/820 180/1046/793
f 114/1054/797 151/1082/819 116/1047/794
f 172/937/724 88/939/726 176/911/704
f 188/915/708 315/861/665 70/910/703
f 113/985/764 152/1081/818 253/1080/817
f 112/988/767 153/986/765 103/942/729
f 32/866/670 372/859/663 252/907/700
f 178/1061/804 142/1075/814 114/1054/797
f 208/1045/792 155/1074/813 255/997/773
f 192/919/712 311/759/583 222/1076/83
f 63/927/718 81/944/731 183/1058/801
f 200/1042/792 134/1037/791 208/1045/792
f 110/987/766 154/1031/789 113/985/764
f 109/965/751 135/1030/788 110/987/766
s 0
f 792/1094/228 839/1095/228 886/1096/228
s 1
f 839/1095/228 302/772/594 877/1097/228
f 302/772/594 292/769/591 201/1098/829
f 292/769/591 306/765/589 211/1065/453
f 306/765/589 308/764/588 197/1068/451
f 308/764/588 299/739/570 195/1071/450
f 299/739/570 275/740/571 204/1073/446
f 275/740/571 23/767/239 228/1085/821
s 0
f 23/767/239 343/766/239 261/922/239
s 1
f 343/766/239 297/735/566 160/1099/239
f 297/735/566 296/733/564 206/913/706
f 296/733/564 300/726/557 207/1089/824
f 300/726/557 312/728/559 203/1090/825
f 191/1091/826 312/728/559 245/971/757
f 305/753/580 274/755/582 198/1079/816
f 274/755/582 280/775/597 229/1078/815
f 280/775/597 279/776/598 223/1063/806
f 279/776/598 314/780/600 224/1060/803
f 314/780/600 364/854/658 189/1059/802
f 364/854/658 456/855/659 139/928/719
f 456/855/659 301/856/660 39/926/659
f 301/856/660 315/861/665 202/924/716
f 425/862/666 334/863/667 70/910/703
f 334/863/667 100/864/668 169/885/682
f 100/864/668 32/866/670 240/1100/830
f 372/859/663 273/858/662 131/906/699
f 273/858/662 311/759/583 230/917/710
s 0
f 281/756/83 309/758/83 222/1076/83
f 309/758/83 917/132/83 194/1077/83
f 1074/2/1 1071/1101/1 1072/3/1
f 1067/5/2 1070/1102/2 1069/6/2
f 1064/8/3 1065/1103/3 1063/9/3
s 1
f 1019/11/5 1058/58/42 1049/12/6
f 1018/10/4 1049/12/6 1054/14/8
f 1017/13/7 1054/14/8 1062/16/10
f 1023/18/12 1022/35/25 1056/19/13
f 1015/21/15 1057/59/43 1053/22/16
f 1026/24/17 1055/54/39 1050/25/3
f 1019/11/5 1039/45/34 1040/27/3
f 1026/24/17 1038/37/27 1036/29/19
f 1025/28/18 1036/29/19 1034/31/21
f 1024/30/20 1034/31/21 1032/32/22
f 1015/21/15 1030/41/31 1033/33/23
f 1022/35/25 1031/43/33 1028/36/26
f 1003/38/28 1001/39/29 1036/29/19
f 1001/39/29 1005/40/30 1034/31/21
f 1005/40/30 1007/64/46 1032/32/22
f 1009/42/32 1006/62/46 1033/33/23
f 1008/44/32 1010/69/2 1028/36/26
f 1002/46/28 1012/70/3 1040/27/3
f 1037/47/35 1000/49/29 1002/46/28
f 1035/48/36 1004/50/30 1000/49/29
f 1033/33/23 1006/62/46 1004/50/30
f 1032/32/22 1007/64/46 1008/44/32
f 1029/51/37 1011/65/2 1009/42/32
f 1041/52/3 1013/67/3 1003/38/28
f 1038/37/27 1026/24/17 1027/23/3
f 1055/54/39 1026/24/17 1025/28/18
f 1059/53/38 1025/28/18 1024/30/20
f 1060/55/40 1024/30/20 1023/18/12
f 1031/43/33 1022/35/25 1023/18/12
f 1056/19/13 1022/35/25 1021/34/24
f 1058/58/42 1019/11/5 1020/26/3
f 1039/45/34 1019/11/5 1018/10/4
f 1037/47/35 1018/10/4 1017/13/7
f 1035/48/36 1017/13/7 1016/15/9
f 1057/59/43 1015/21/15 1016/15/9
f 1030/41/31 1015/21/15 1014/20/14
f 1043/60/44 1042/1104/28 1002/46/28
f 1044/61/45 1043/60/44 1000/49/29
f 1045/63/46 1044/61/45 1004/50/30
f 1045/63/46 1046/1105/32 1008/44/32
f 1047/66/2 1046/1105/32 1009/42/32
f 1048/68/3 1042/1104/28 1003/38/28
f 1003/38/28 1042/1104/28 1043/60/44
f 1001/39/29 1043/60/44 1044/61/45
f 1005/40/30 1044/61/45 1045/63/46
f 1009/42/32 1046/1105/32 1045/63/46
f 1008/44/32 1046/1105/32 1047/66/2
f 1002/46/28 1042/1104/28 1048/68/3
f 997/72/47 987/120/1 951/73/1
f 991/75/48 989/122/2 952/76/2
f 990/77/48 993/118/49 954/78/49
f 994/80/51 992/116/49 954/78/49
f 998/82/53 994/80/51 955/79/50
f 996/83/47 998/82/53 956/81/52
f 951/73/1 986/112/1 996/83/47
f 952/76/2 988/114/2 990/77/48
f 954/78/49 992/116/49 991/75/48
f 954/78/49 993/118/49 995/84/51
f 955/79/50 995/84/51 999/85/53
f 956/81/52 999/85/53 997/72/47
f 969/87/55 970/115/37 985/88/14
f 942/89/56 937/129/81 983/90/57
f 964/92/59 966/119/77 983/90/57
f 962/94/61 964/92/59 982/91/58
f 960/96/63 962/94/61 981/93/60
f 941/97/64 947/1106/1 979/98/1
f 943/100/66 948/1107/41 978/101/24
f 968/102/67 967/117/76 976/103/68
f 939/105/70 938/1108/831 976/103/68
f 940/107/72 939/105/70 975/104/69
f 944/109/74 940/107/72 974/106/71
f 961/110/75 958/113/1 972/111/1
f 958/113/1 961/110/75 996/83/47
f 970/115/37 969/87/55 990/77/48
f 967/117/76 968/102/67 991/75/48
f 966/119/77 964/92/59 995/84/51
f 964/92/59 962/94/61 999/85/53
f 962/94/61 960/96/63 997/72/47
f 997/72/47 960/96/63 959/121/1
f 991/75/48 968/102/67 971/123/26
f 990/77/48 969/87/55 966/119/77
f 994/80/51 965/124/78 967/117/76
f 998/82/53 963/125/79 965/124/78
f 996/83/47 961/110/75 963/125/79
f 977/99/65 978/101/24 971/123/26
f 984/86/54 983/90/57 966/119/77
f 975/104/69 976/103/68 967/117/76
f 974/106/71 975/104/69 965/124/78
f 973/108/73 974/106/71 963/125/79
f 980/95/62 979/98/1 959/121/1
f 973/108/73 972/111/1 949/126/1
f 984/86/54 985/88/14 946/127/16
f 976/103/68 938/1108/831 943/100/66
f 982/91/58 983/90/57 937/129/81
f 981/93/60 982/91/58 945/128/80
f 980/95/62 981/93/60 950/130/82
f 917/132/83 919/142/89 3/133/84
f 931/135/86 933/137/2 2/136/2
s 0
f 933/137/2 936/832/2 1/138/2
s 1
f 923/140/88 925/145/1 6/141/1
f 919/142/89 921/144/91 5/143/90
f 921/144/91 923/140/88 4/139/87
f 925/145/1 927/147/93 7/146/92
f 927/147/93 929/149/95 9/148/94
f 929/149/95 931/135/86 8/134/85
f 901/151/97 903/153/99 10/152/98
f 903/153/99 905/155/101 11/154/100
f 905/155/101 907/162/3 14/156/3
f 909/158/103 911/160/105 12/159/104
f 911/160/105 913/167/107 18/161/106
f 907/162/3 909/158/103 13/157/102
s 0
f 897/164/2 899/166/2 17/165/2
s 1
f 899/166/2 901/151/97 16/150/96
f 913/167/107 915/169/83 20/168/83
s 0
f 915/169/83 917/132/83 19/131/83
s 1
f 3/133/84 920/174/89 918/170/83
f 2/136/2 934/172/2 932/171/86
s 0
f 1/138/2 935/1109/2 934/172/2
s 1
f 6/141/1 926/176/1 924/173/88
f 5/143/90 922/175/91 920/174/89
f 4/139/87 924/173/88 922/175/91
f 7/146/92 928/177/93 926/176/1
f 9/148/94 930/178/95 928/177/93
f 8/134/85 932/171/86 930/178/95
f 10/152/98 904/180/99 902/179/97
f 11/154/100 906/181/101 904/180/99
f 14/156/3 908/184/3 906/181/101
f 12/159/104 912/183/105 910/182/103
f 18/161/106 914/187/107 912/183/105
f 13/157/102 910/182/103 908/184/3
s 0
f 17/165/2 900/186/2 898/185/2
s 1
f 16/150/96 902/179/97 900/186/2
f 20/168/83 916/188/83 914/187/107
s 0
f 19/131/83 918/170/83 916/188/83
s 1
f 806/190/109 787/192/111 831/191/110
f 787/192/111 789/208/126 828/193/112
f 807/195/114 786/200/118 733/196/113
f 852/198/116 808/223/141 758/199/117
f 786/200/118 855/251/169 467/201/119
f 799/203/121 790/213/131 827/204/122
f 788/206/124 851/1110/832 838/207/125
f 789/208/126 805/1111/833 469/209/127
f 845/211/129 841/315/229 765/212/130
f 790/213/131 798/215/133 825/214/132
f 798/215/133 816/328/242 761/216/134
f 859/218/136 812/225/143 837/219/137
f 799/203/121 805/1111/833 473/221/139
f 806/190/109 807/195/114 741/194/113
f 808/223/141 811/1112/834 833/224/142
f 812/225/143 815/227/145 804/226/144
f 815/227/145 1119/358/190 1126/228/146
f 759/229/147 807/195/114 806/190/109
f 776/231/149 816/328/242 760/232/150
f 1125/234/152 1121/1113/280 822/235/153
f 469/209/127 805/1111/833 799/203/121
f 779/237/155 849/318/232 801/238/156
f 845/211/129 847/241/159 770/240/158
f 847/241/159 848/243/161 766/242/160
f 848/243/161 851/1110/832 469/209/127
f 852/198/116 857/1114/835 840/245/163
f 860/247/165 854/249/167 836/248/166
f 854/249/167 862/258/176 867/250/168
f 855/251/169 858/256/174 885/252/170
f 861/254/172 857/1114/835 459/255/173
f 858/256/174 859/218/136 782/217/135
f 860/247/165 861/254/172 895/253/171
f 862/258/176 879/407/305 726/259/177
f 888/261/91 866/263/180 727/262/179
f 866/263/180 876/265/182 783/264/181
f 876/265/182 118/1115/836 471/266/183
f 1118/267/184 878/387/287 754/268/185
f 704/270/187 879/407/305 725/271/188
f 880/273/190 881/278/195 742/274/191
f 771/276/193 738/282/199 750/277/194
f 881/278/195 883/280/197 820/279/196
f 883/280/197 884/409/306 721/281/198
f 769/210/128 734/283/200 738/282/199
f 765/212/130 735/401/300 734/283/200
f 464/316/230 1120/378/279 1112/320/234
f 818/233/151 814/286/203 893/284/201
f 836/248/166 812/225/143 859/218/136
f 814/286/203 737/312/226 713/287/204
f 760/232/150 816/328/242 798/215/133
f 824/288/205 798/215/133 790/213/131
f 869/291/208 849/318/232 853/292/209
f 708/294/211 728/301/218 724/295/212
f 473/221/139 805/1111/833 789/208/126
f 469/209/127 851/1110/832 788/206/124
f 724/295/212 888/261/91 720/298/215
f 732/300/217 881/278/195 880/273/190
f 708/294/211 707/375/276 756/302/219
f 918/170/83 920/174/89 890/304/178
f 838/207/125 533/382/282 743/305/220
f 829/205/123 743/305/220 712/307/222
f 723/260/178 719/308/83 747/303/83
f 727/262/179 749/398/297 719/308/83
f 853/292/209 846/369/270 821/309/223
f 777/311/225 846/369/270 853/292/209
f 826/289/206 790/213/131 799/203/121
f 840/245/163 855/251/169 786/200/118
f 818/233/151 746/313/227 737/312/226
f 822/235/153 744/317/231 746/313/227
f 461/314/228 781/642/228 780/236/154
f 841/315/229 779/237/155 780/236/154
f 464/316/230 730/321/235 744/317/231
f 849/318/232 779/237/155 778/310/224
f 761/216/134 777/311/225 778/310/224
f 1112/320/234 740/641/476 730/321/235
f 830/306/221 712/307/222 718/322/236
f 827/204/122 770/240/158 766/242/160
f 833/224/142 718/322/236 717/323/237
f 775/230/148 774/332/239 1114/325/239
f 758/199/117 717/323/237 752/326/240
f 702/327/241 1124/1116/248 41/272/189
f 816/328/242 776/231/149 777/311/225
f 813/329/243 776/231/149 775/230/148
f 759/229/147 808/223/141 852/198/116
f 768/239/157 770/240/158 827/204/122
f 716/330/244 774/332/239 775/230/148
f 865/331/245 773/406/239 774/332/239
f 793/333/246 811/1112/834 832/189/108
f 56/335/248 1124/1116/248 702/327/241
f 47/336/239 715/366/268 804/226/144
f 850/338/249 715/366/268 47/336/239
f 764/319/233 768/239/157 825/214/132
f 536/339/250 803/342/239 733/196/113
f 871/341/239 803/342/239 536/339/250
f 803/342/239 535/344/239 741/194/113
s 0
f 872/343/239 535/344/239 803/342/239
s 1
f 535/344/239 714/346/239 745/222/140
s 0
f 873/345/239 714/346/239 535/344/239
s 1
f 714/346/239 534/349/254 755/347/252
f 874/348/253 534/349/254 714/346/239
f 534/349/254 531/356/261 757/296/213
f 736/244/162 786/200/118 807/195/114
f 875/350/255 531/356/261 534/349/254
f 532/352/257 826/289/206 762/220/138
f 766/242/160 469/209/127 763/202/120
f 757/296/213 789/208/126 787/192/111
f 755/347/252 787/192/111 806/190/109
f 797/354/259 532/352/257 474/351/256
f 531/356/261 875/350/255 843/357/260
f 757/296/213 531/356/261 468/355/260
f 815/227/145 867/250/168 726/259/177
f 794/360/263 532/352/257 797/354/259
f 826/289/206 532/352/257 794/360/263
f 716/330/244 794/360/263 796/359/262
f 824/288/205 794/360/263 716/330/244
f 466/362/265 809/367/269 856/363/266
f 837/219/137 466/362/265 465/361/264
f 710/364/1 722/383/283 819/365/267
f 468/355/260 843/357/260 864/353/258
f 473/221/139 468/355/260 474/351/256
f 715/366/268 850/338/249 809/367/269
f 801/238/156 849/318/232 869/291/208
f 804/226/144 715/366/268 466/362/265
f 776/231/149 813/329/243 846/369/270
f 463/370/271 844/372/273 842/340/251
f 846/369/270 813/329/243 835/371/272
f 885/252/170 463/370/271 536/339/250
f 465/361/264 463/370/271 885/252/170
f 844/372/273 463/370/271 465/361/264
f 932/171/86 934/172/2 462/373/274
f 934/172/2 935/1109/2 891/374/275
f 707/375/276 1113/1117/285 1117/376/277
f 833/224/142 811/1112/834 793/333/246
f 830/306/221 793/333/246 788/206/124
f 788/206/124 793/333/246 831/191/110
f 869/291/208 1122/377/278 1123/368/202
f 462/373/274 537/393/293 820/279/196
f 460/290/207 347/408/152 1122/377/278
f 822/235/153 1121/1113/280 1120/378/279
f 821/309/223 835/371/272 892/380/279
f 887/381/281 537/393/293 462/373/274
f 720/298/215 888/261/91 723/260/178
f 767/275/192 750/277/194 533/382/282
f 722/383/283 884/409/306 883/280/197
f 881/278/195 732/300/217 819/365/267
f 150/385/285 1119/358/190 726/259/177
f 705/384/284 704/270/187 878/387/287
f 751/386/286 878/387/287 1118/267/184
f 832/189/108 811/1112/834 808/223/141
f 1117/376/277 118/1115/836 876/265/182
f 756/302/219 876/265/182 866/263/180
f 728/301/218 866/263/180 888/261/91
f 725/271/188 879/407/305 862/258/176
f 896/390/290 861/254/172 860/247/165
f 867/250/168 815/227/145 812/225/143
f 800/246/164 859/218/136 858/256/174
f 840/245/163 857/1114/835 861/254/172
f 764/319/233 841/315/229 845/211/129
f 896/390/290 858/256/174 855/251/169
f 868/389/289 862/258/176 854/249/167
f 834/391/291 854/249/167 860/247/165
f 459/255/173 857/1114/835 852/198/116
f 838/207/125 851/1110/832 848/243/161
f 767/275/192 848/243/161 847/241/159
f 771/276/193 847/241/159 845/211/129
f 835/371/272 813/329/243 795/324/238
f 537/393/293 887/381/281 889/334/247
f 820/279/196 537/393/293 702/327/241
f 870/197/115 752/326/240 802/394/294
f 795/324/238 1114/325/239 823/392/292
f 459/255/173 802/394/294 894/395/295
f 895/253/171 894/395/295 739/396/296
f 1116/397/202 713/287/204 461/314/228
f 783/264/181 711/399/298 749/398/297
f 471/266/183 810/405/304 711/399/298
f 784/257/175 739/396/296 753/400/299
f 780/236/154 781/642/228 735/401/300
f 834/391/291 753/400/299 863/402/301
f 868/389/289 863/402/301 772/403/302
f 703/269/186 538/643/477 470/404/303
f 754/268/185 470/404/303 810/405/304
s 0
f 773/406/239 1115/1118/239 1114/325/239
s 1
f 924/173/88 926/176/1 710/364/1
f 729/297/214 710/364/1 709/293/210
f 732/300/217 708/294/211 709/293/210
f 882/299/216 707/375/276 708/294/211
f 880/273/190 1113/1117/285 707/375/276
f 124/388/288 150/385/285 705/384/284
f 879/407/305 704/270/187 705/384/284
f 878/387/287 704/270/187 703/269/186
f 772/403/302 538/643/477 703/269/186
f 779/237/155 841/315/229 764/319/233
f 821/309/223 353/379/280 347/408/152
f 922/175/91 720/298/215 890/304/178
f 924/173/88 729/297/214 720/298/215
f 928/177/93 722/383/283 710/364/1
f 928/177/93 930/178/95 884/409/306
f 932/171/86 721/281/198 884/409/306
f 1112/320/234 472/639/239 740/641/476
f 835/371/272 823/392/292 892/380/279
f 814/286/203 817/285/202 893/284/201
f 193/1119/350 565/625/465 379/627/402
f 1109/1120/837 544/473/358 1107/519/399
f 455/638/239 385/603/445 639/602/444
f 902/179/97 904/180/99 487/411/308
f 906/181/101 657/412/309 487/411/308
f 906/181/101 908/184/3 669/413/3
f 650/415/103 910/182/103 912/183/105
f 912/183/105 914/187/107 481/416/311
f 558/418/313 700/523/401 1111/419/314
f 600/421/316 601/606/448 615/422/317
f 607/424/319 654/497/382 676/425/320
f 493/427/322 625/443/335 676/425/320
f 492/428/323 653/511/393 674/429/324
f 1108/431/326 628/508/391 674/429/324
f 310/433/328 489/435/330 672/434/329
f 489/435/330 647/437/332 671/436/331
f 647/437/332 560/513/395 670/438/333
f 650/415/103 655/620/460 670/438/333
f 910/182/103 650/415/103 669/413/3
s 0
f 606/440/239 605/589/239 1102/441/239
s 1
f 625/443/335 689/454/345 569/444/336
f 676/425/320 625/443/335 690/442/334
f 503/446/338 654/497/382 607/424/319
f 545/448/340 503/446/338 508/445/337
f 599/450/341 614/628/467 644/451/342
f 595/453/344 545/448/340 626/447/339
f 689/454/345 596/456/347 668/455/346
f 596/456/347 652/615/457 630/457/348
f 1110/459/350 578/543/413 699/460/228
f 476/462/351 595/453/344 640/452/343
f 701/464/353 476/462/351 477/461/295
f 1102/441/239 584/474/359 1109/1120/837
f 501/466/355 701/464/353 577/463/352
f 559/468/356 637/632/471 677/469/241
f 679/467/293 677/469/241 482/471/247
f 544/473/358 1109/1120/837 584/474/359
f 608/476/361 610/630/469 526/477/362
f 612/479/364 608/476/361 524/475/360
f 541/481/366 612/479/364 523/478/363
f 701/464/353 501/466/355 519/483/368
f 545/448/340 595/453/344 511/485/370
f 503/446/338 545/448/340 517/484/369
f 475/488/373 539/490/375 516/489/374
f 615/422/317 611/583/430 526/477/362
f 539/490/375 475/488/373 510/491/376
f 579/493/378 475/488/373 513/487/372
f 504/495/380 543/626/466 567/496/381
f 475/488/373 579/493/378 511/485/370
f 654/497/382 503/446/338 509/486/371
f 651/499/384 655/620/460 483/500/310
f 623/502/386 651/499/384 505/498/383
f 688/504/326 623/502/386 495/501/385
f 547/506/389 620/593/435 571/507/390
f 628/508/391 1108/431/326 494/509/392
f 674/429/324 628/508/391 493/427/322
f 673/430/325 674/429/324 653/511/393
f 490/512/394 488/514/396 560/513/395
f 657/412/309 560/513/395 488/514/396
f 612/479/364 541/481/366 683/516/398
f 659/414/310 481/416/311 656/517/311
f 484/470/281 480/530/275 698/518/274
f 558/418/313 442/417/312 1107/519/399
f 557/521/400 696/607/449 479/522/399
f 700/523/401 502/544/414 1106/524/402
f 698/518/274 658/410/307 559/468/356
f 1106/524/402 502/544/414 1105/1121/350
f 591/526/404 551/637/475 548/527/405
f 549/528/406 550/619/459 591/526/404
f 546/529/407 549/528/406 586/525/403
f 672/434/329 623/502/386 688/504/326
f 900/186/2 698/518/274 480/530/275
f 902/179/97 658/410/307 698/518/274
f 527/532/273 515/553/266 695/533/264
f 695/533/264 597/633/472 486/534/408
f 486/534/408 693/636/474 680/535/250
f 525/536/409 558/418/313 544/473/358
f 697/531/271 680/535/250 529/537/251
f 603/538/410 602/595/437 525/536/409
f 575/540/411 542/552/416 694/541/265
f 578/543/413 1105/1121/350 502/544/414
f 664/539/268 694/541/265 570/546/269
f 687/548/415 617/568/424 686/549/256
f 692/547/260 686/549/256 507/551/258
f 669/413/3 670/438/333 560/513/395
f 542/552/416 597/633/472 695/533/264
f 694/541/265 695/533/264 515/553/266
f 555/555/417 619/624/464 663/556/244
f 663/556/244 506/588/245 583/557/262
f 553/559/418 555/555/417 585/554/263
f 585/554/263 583/557/262 582/560/259
f 564/494/379 1104/510/328 653/511/393
f 622/562/419 687/548/415 692/547/260
f 685/561/261 692/547/260 528/550/260
f 582/560/259 507/551/258 686/549/256
f 624/565/421 634/577/428 573/566/422
f 622/562/419 624/565/421 592/564/420
f 691/621/461 613/600/442 616/1122/838
f 684/558/257 686/549/256 617/568/424
f 496/563/255 497/573/253 682/569/254
f 643/571/426 620/593/435 572/572/427
f 682/569/254 624/565/421 622/562/419
f 497/573/253 498/575/239 665/574/239
f 665/574/239 634/577/428 624/565/421
s 0
f 498/575/239 499/578/239 681/576/239
s 1
f 681/576/239 638/580/429 634/577/428
s 0
f 499/578/239 500/581/239 576/579/239
s 1
f 576/579/239 646/582/429 638/580/429
f 500/581/239 529/537/251 680/535/250
f 680/535/250 693/636/474 646/582/429
f 615/422/317 618/605/447 554/584/431
f 521/545/249 1103/1123/239 594/585/239
f 594/585/239 293/635/473 575/540/411
f 587/587/248 482/471/247 677/469/241
f 586/525/403 548/527/405 547/506/389
f 506/588/245 663/556/244 605/589/239
f 663/556/244 619/624/464 604/590/432
f 611/583/430 554/584/431 552/592/434
f 620/593/435 643/571/426 519/483/368
f 566/472/357 584/474/359 604/590/432
f 563/594/436 618/605/447 602/595/437
f 677/469/241 637/632/471 1101/596/438
f 621/598/440 501/466/355 627/465/354
f 604/590/432 584/474/359 1102/441/239
f 546/529/407 621/598/440 662/597/439
f 552/592/434 616/1122/838 613/600/442
f 549/528/406 546/529/407 661/599/441
f 385/603/445 696/607/449 649/604/446
f 618/605/447 615/422/317 601/606/448
f 522/542/412 518/614/456 601/606/448
f 696/607/449 557/521/400 635/608/450
f 530/420/315 614/628/467 599/450/341
f 699/460/228 578/543/413 599/450/341
f 557/521/400 561/610/452 633/609/451
f 561/610/452 565/625/465 642/611/453
f 539/490/375 643/571/426 593/570/425
f 553/559/418 617/568/424 580/613/455
f 602/595/437 601/606/448 518/614/456
f 518/614/456 700/523/401 558/418/313
f 652/615/457 656/517/311 660/616/83
f 656/517/311 481/416/311 632/617/83
f 550/619/459 549/528/406 667/601/443
f 541/481/366 550/619/459 636/618/458
f 916/188/83 632/617/83 481/416/311
f 671/436/331 651/499/384 623/502/386
f 647/437/332 489/435/330 310/433/328
f 655/620/460 650/415/103 659/414/310
f 691/621/461 551/637/475 591/526/404
f 687/548/415 622/562/419 590/567/423
f 671/436/331 670/438/333 655/620/460
f 502/544/414 700/523/401 518/614/456
f 555/555/417 553/559/418 589/612/454
f 619/624/464 555/555/417 581/623/463
f 565/625/465 193/1119/350 666/458/349
f 543/626/466 579/493/378 512/492/377
f 561/610/452 485/634/314 379/627/402
f 479/522/399 696/607/449 385/603/445
f 614/628/467 610/630/469 645/629/468
f 610/630/469 608/476/361 641/631/470
f 488/514/396 559/468/356 658/410/307
f 490/512/394 637/632/471 559/468/356
f 608/476/361 612/479/364 629/515/397
f 310/433/328 1101/596/438 637/632/471
f 675/426/321 676/425/320 654/497/382
f 494/509/392 689/454/345 625/443/335
f 495/501/385 596/456/347 689/454/345
f 505/498/383 652/615/457 596/456/347
f 483/500/310 656/517/311 652/615/457
f 509/486/371 504/495/380 653/511/393
f 511/485/370 595/453/344 476/462/351
f 513/487/372 486/534/408 597/633/472
f 510/491/376 476/462/351 701/464/353
f 516/489/374 693/636/474 486/534/408
f 517/484/369 543/626/466 504/495/380
f 511/485/370 579/493/378 543/626/466
f 519/483/368 643/571/426 539/490/375
f 523/478/363 613/600/442 691/621/461
f 524/475/360 609/591/433 613/600/442
f 526/477/362 611/583/430 609/591/433
f 600/421/316 599/450/341 578/543/413
f 691/621/461 616/1122/838 580/613/455
f 485/634/314 561/610/452 557/521/400
f 603/538/410 604/590/432 619/624/464
f 620/593/435 547/506/389 573/566/422
f 564/494/379 575/540/411 293/635/473
f 743/305/220 533/382/282 683/516/398
f 567/496/381 542/552/416 575/540/411
f 571/507/390 621/598/440 546/529/407
f 573/566/422 634/577/428 638/580/429
f 580/613/455 617/568/424 687/548/415
f 512/492/377 597/633/472 542/552/416
f 581/623/463 554/584/431 618/605/447
f 589/612/454 552/592/434 554/584/431
f 526/477/362 610/630/469 614/628/467
f 753/400/299 626/447/339 508/445/337
f 590/567/423 551/637/475 691/621/461
f 591/526/404 550/619/459 541/481/366
f 810/405/304 470/404/303 690/442/334
f 580/613/455 616/1122/838 552/592/434
f 593/570/425 646/582/429 693/636/474
f 749/398/297 630/457/348 660/616/83
f 519/483/368 501/466/355 621/598/440
f 572/572/427 638/580/429 646/582/429
f 592/564/420 548/527/405 551/637/475
f 573/566/422 547/506/389 548/527/405
s 0
f 472/639/239 478/1124/239 454/640/239
s 1
f 740/641/476 472/639/239 455/638/239
f 730/321/235 740/641/476 639/602/444
f 744/317/231 730/321/235 649/604/446
f 746/313/227 744/317/231 635/608/450
f 737/312/226 746/313/227 633/609/451
f 713/287/204 737/312/226 642/611/453
f 461/314/228 713/287/204 666/458/349
s 0
f 781/642/228 461/314/228 699/460/228
s 1
f 735/401/300 781/642/228 598/449/228
f 734/283/200 735/401/300 644/451/342
f 738/282/199 734/283/200 645/629/468
f 750/277/194 738/282/199 641/631/470
f 750/277/194 629/515/397 683/516/398
f 712/307/222 743/305/220 636/618/458
f 718/322/236 712/307/222 667/601/443
f 717/323/237 718/322/236 661/599/441
f 752/326/240 717/323/237 662/597/439
f 802/394/294 752/326/240 627/465/354
f 894/395/295 802/394/294 577/463/352
f 739/396/296 894/395/295 477/461/295
f 753/400/299 739/396/296 640/452/343
f 772/403/302 863/402/301 508/445/337
f 538/643/477 772/403/302 607/424/319
f 470/404/303 538/643/477 678/423/318
f 711/399/298 810/405/304 569/444/336
f 749/398/297 711/399/298 668/455/346
s 0
f 747/303/83 719/308/83 660/616/83
f 918/170/83 747/303/83 632/617/83
s 1
f 368/645/479 394/790/609 393/646/480
f 349/644/478 393/646/480 390/648/482
f 369/650/484 303/676/485 295/651/485
f 414/653/487 432/853/657 320/654/488
f 348/649/483 295/651/485 29/656/490
f 361/658/492 325/1125/839 389/659/493
f 350/661/495 391/754/581 400/662/496
f 351/647/481 390/648/482 31/664/498
f 407/666/500 331/734/565 327/667/501
f 352/657/491 389/659/493 387/669/503
f 360/668/502 387/669/503 323/671/505
f 421/673/507 344/707/540 399/674/508
f 361/658/492 324/812/623 35/675/509
f 368/645/479 307/802/614 303/676/485
f 370/652/486 320/654/488 395/678/511
f 374/672/506 399/674/508 366/680/513
f 377/679/512 366/680/513 491/682/515
f 321/683/516 394/790/609 368/645/479
f 338/684/517 337/778/599 322/685/518
f 1100/687/520 380/737/568 384/688/521
f 31/664/498 325/1125/839 361/658/492
f 341/690/523 342/768/590 363/691/524
f 407/666/500 330/785/605 332/693/526
f 409/692/525 332/693/526 328/695/528
f 410/694/527 328/695/528 31/664/498
f 414/653/487 298/809/620 402/697/530
f 422/699/532 362/848/652 398/700/533
f 416/698/531 398/700/533 429/702/535
f 417/655/489 29/656/490 447/704/537
f 423/705/538 457/708/541 21/706/539
f 420/703/536 447/704/537 344/707/540
f 422/699/532 346/860/664 457/708/541
f 424/701/534 429/702/535 288/710/543
f 450/712/91 285/757/178 289/713/545
f 428/711/544 289/713/545 345/715/547
f 438/714/546 345/715/547 33/717/549
f 439/719/551 33/717/549 316/720/552
f 266/721/553 265/865/669 287/722/554
f 556/724/514 1099/783/603 304/725/556
f 333/727/558 329/843/647 312/728/559
f 443/723/555 304/725/556 382/730/561
f 445/729/560 382/730/561 283/732/563
f 331/734/565 333/727/558 300/726/557
f 327/667/501 331/734/565 296/733/564
f 1094/840/645 26/770/592 1090/773/595
f 380/737/568 1100/687/520 731/738/569
f 398/700/533 362/848/652 421/673/507
f 376/736/567 562/1126/661 275/740/571
f 322/685/518 386/741/572 360/668/502
f 386/741/572 388/763/587 352/657/491
f 431/742/272 22/838/644 415/743/573
f 270/745/575 271/869/671 286/746/212
f 35/675/509 319/808/619 351/647/481
f 31/664/498 390/648/482 350/661/495
f 286/746/212 291/868/214 282/747/215
f 294/748/576 444/870/672 556/724/514
f 270/745/575 290/744/574 318/750/578
f 917/132/83 309/758/83 452/751/178
f 400/662/496 391/754/581 305/753/580
f 391/754/581 392/774/596 274/755/582
f 285/757/178 452/751/178 309/758/83
f 289/713/545 285/757/178 281/756/83
f 415/743/573 22/838/644 383/761/585
f 339/762/586 340/771/593 415/743/573
f 388/763/587 324/812/623 361/658/492
f 402/697/530 298/809/620 348/649/483
f 380/737/568 376/736/567 299/739/570
f 384/688/521 380/737/568 308/764/588
f 23/767/239 363/691/524 342/768/590
f 403/665/499 327/667/501 342/768/590
f 26/770/592 384/688/521 306/765/589
f 411/689/522 415/743/573 340/771/593
f 323/671/505 326/795/612 340/771/593
f 1090/773/595 26/770/592 292/769/591
f 392/774/596 395/678/511 280/775/597
f 389/659/493 325/1125/839 328/695/528
f 395/678/511 320/654/488 279/776/598
f 337/778/599 357/851/655 1091/779/228
f 320/654/488 432/853/657 314/780/600
f 264/782/602 304/725/556 1099/783/603
f 378/670/504 323/671/505 339/762/586
f 375/784/604 357/851/655 337/778/599
f 321/683/516 298/809/620 414/653/487
f 330/785/605 387/669/503 389/659/493
f 278/786/606 322/685/518 337/778/599
f 427/788/607 278/786/606 336/777/228
f 355/789/608 393/646/480 394/790/609
f 1098/791/601 451/852/656 264/782/602
f 540/793/228 491/682/515 366/680/513
f 412/794/611 354/1127/228 540/793/228
f 326/795/612 323/671/505 387/669/503
f 98/797/613 29/656/490 295/651/485
f 433/798/228 404/829/638 98/797/613
f 365/796/228 295/651/485 303/676/485
s 0
f 434/800/228 433/798/228 365/796/228
s 1
f 97/799/228 303/676/485 307/802/614
s 0
f 435/803/228 434/800/228 97/799/228
s 1
f 276/801/228 307/802/614 317/805/616
f 436/806/617 435/803/228 276/801/228
f 96/804/615 317/805/616 319/808/619
f 298/809/620 321/683/516 369/650/484
f 437/810/621 436/806/617 96/804/615
f 94/811/622 36/814/625 324/812/623
f 31/664/498 328/695/528 325/1125/839
f 319/808/619 317/805/616 349/644/478
f 317/805/616 307/802/614 368/645/479
f 359/813/624 426/826/635 36/814/625
f 93/807/618 30/816/626 405/815/626
f 319/808/619 35/675/509 30/816/626
f 377/679/512 1097/681/514 288/710/543
f 356/817/627 358/818/628 359/813/624
f 388/763/587 386/741/572 356/817/627
f 278/786/606 427/788/607 358/818/628
f 386/741/572 322/685/518 278/786/606
f 28/820/630 27/822/632 418/821/631
f 399/674/508 344/707/540 27/822/632
f 272/824/1 271/869/671 381/825/634
f 30/816/626 36/814/625 426/826/635
f 35/675/509 324/812/623 36/814/625
f 277/792/610 28/820/630 371/819/629
f 363/691/524 1096/1128/661 431/742/272
f 366/680/513 399/674/508 28/820/630
f 338/684/517 339/762/586 408/760/584
f 25/828/637 98/797/613 404/829/638
f 408/760/584 383/761/585 397/830/208
f 447/704/537 29/656/490 98/797/613
f 27/822/632 344/707/540 447/704/537
f 406/827/636 418/821/631 27/822/632
f 931/135/86 283/732/563 24/831/639
f 933/137/2 24/831/639 453/833/640
f 269/749/577 318/750/578 1093/835/642
f 395/678/511 392/774/596 355/789/608
f 392/774/596 391/754/581 350/661/495
f 350/661/495 390/648/482 393/646/480
f 1095/839/569 431/742/272 1096/1128/661
f 24/831/639 283/732/563 382/730/561
f 22/838/644 431/742/272 1095/839/569
f 384/688/521 26/770/592 1094/840/645
f 383/761/585 401/872/519 648/841/645
f 449/842/646 453/833/640 24/831/639
f 282/747/215 452/751/178 285/757/178
f 329/843/647 400/662/496 95/752/579
f 284/823/633 381/825/634 445/729/560
f 443/723/555 445/729/560 381/825/634
f 268/844/648 267/845/649 288/710/543
f 267/845/649 313/846/650 440/718/550
f 313/846/650 34/871/642 439/719/551
f 394/790/609 321/683/516 370/652/486
f 1093/835/642 318/750/578 438/714/546
f 318/750/578 290/744/574 428/711/544
f 290/744/574 286/746/212 450/712/91
f 287/722/554 430/849/653 424/701/534
f 458/847/651 362/848/652 422/699/532
f 429/702/535 398/700/533 374/672/506
f 362/848/652 458/847/651 420/703/536
f 402/697/530 458/847/651 423/705/538
f 326/795/612 330/785/605 407/666/500
f 458/847/651 402/697/530 417/655/489
f 430/849/653 396/850/654 416/698/531
f 396/850/654 346/860/664 422/699/532
f 21/706/539 432/853/657 414/653/487
f 400/662/496 329/843/647 410/694/527
f 329/843/647 333/727/558 409/692/525
f 333/727/558 331/734/565 407/666/500
f 397/830/208 706/1129/840 357/851/655
f 99/836/643 264/782/602 451/852/656
f 382/730/561 304/725/556 264/782/602
f 432/853/657 21/706/539 364/854/658
f 1091/779/228 357/851/655 706/1129/840
f 21/706/539 457/708/541 456/855/659
f 457/708/541 346/860/664 301/856/660
f 1092/857/661 363/691/524 23/767/239
f 345/715/547 289/713/545 311/759/583
f 33/717/549 345/715/547 273/858/662
f 346/860/664 396/850/654 315/861/665
f 342/768/590 327/667/501 297/735/566
f 396/850/654 430/849/653 425/862/666
f 430/849/653 287/722/554 334/863/667
f 265/865/669 316/720/552 32/866/670
f 316/720/552 33/717/549 372/859/663
s 0
f 335/787/228 336/777/228 1091/779/228
s 1
f 923/140/88 291/868/214 272/824/1
f 291/868/214 286/746/212 271/869/671
f 294/748/576 381/825/634 271/869/671
f 444/870/672 294/748/576 270/745/575
f 556/724/514 444/870/672 269/749/577
f 34/871/642 313/846/650 267/845/649
f 441/709/542 288/710/543 267/845/649
f 440/718/550 316/720/552 265/865/669
f 334/863/667 287/722/554 265/865/669
f 341/690/523 340/771/593 326/795/612
f 383/761/585 22/838/644 448/837/520
f 921/144/91 919/142/89 452/751/178
f 923/140/88 921/144/91 282/747/215
f 927/147/93 925/145/1 272/824/1
f 927/147/93 284/823/633 446/731/562
f 931/135/86 929/149/95 446/731/562
f 839/1095/228 1090/773/595 302/772/594
f 706/1129/840 397/830/208 648/841/645
f 562/1126/661 376/736/567 731/738/569
f 127/1072/812 1089/1084/714 40/1088/823
f 106/935/414 1084/934/722 1082/978/759
f 785/1064/807 877/1097/228 201/1098/829
f 901/151/97 220/984/763 49/873/673
f 905/155/101 903/153/99 49/873/673
f 905/155/101 219/874/674 231/875/3
f 212/876/103 221/972/310 911/160/105
f 911/160/105 221/972/310 43/877/311
f 120/879/676 1088/977/758 1081/880/677
f 162/882/679 92/1069/810 177/883/680
f 169/885/682 240/1100/830 238/886/683
f 55/888/685 237/1092/827 238/886/683
f 54/890/687 237/1092/827 236/891/688
f 1087/893/690 1083/968/754 236/891/688
f 1076/895/692 235/1130/754 234/896/693
f 51/894/691 234/896/693 233/898/695
f 209/897/694 233/898/695 232/900/697
f 212/876/103 231/875/3 232/900/697
f 909/158/103 907/162/3 231/875/3
s 0
f 168/903/228 1086/1131/228 1077/904/228
s 1
f 187/887/684 252/907/700 131/906/699
f 238/886/683 240/1100/830 252/907/700
f 65/908/701 70/910/703 169/885/682
f 107/909/702 188/915/708 70/910/703
f 161/912/705 160/1099/239 206/913/706
f 157/914/707 202/924/716 188/915/708
f 251/905/698 131/906/699 230/917/710
f 158/916/709 230/917/710 192/919/712
f 1085/921/714 228/1085/821 261/922/239
f 38/923/715 39/926/659 202/924/716
f 263/925/717 139/928/719 39/926/659
f 146/936/723 1077/904/228 1084/934/722
f 63/927/718 189/1059/802 139/928/719
f 121/930/721 241/932/643 239/931/602
f 241/932/643 46/975/646 44/933/656
f 106/935/414 128/1055/798 146/936/723
f 170/938/725 86/941/728 88/939/726
f 174/940/727 85/943/730 86/941/728
f 103/942/729 82/1132/841 85/943/730
f 263/925/717 76/1133/842 81/944/731
f 107/909/702 79/946/733 73/945/732
f 65/908/701 71/957/744 79/946/733
f 37/948/735 75/953/740 78/949/736
f 177/883/680 92/1069/810 88/939/726
f 101/947/734 76/1133/842 72/951/738
f 141/952/739 74/1086/822 75/953/740
f 66/955/742 126/1024/784 129/956/743
f 37/948/735 72/951/738 73/945/732
f 216/884/681 54/890/687 71/957/744
f 213/958/745 67/961/747 45/959/310
f 185/960/746 57/963/749 67/961/747
f 250/962/748 631/1134/843 57/963/749
f 109/965/751 130/1135/844 133/966/752
f 190/892/689 55/888/685 1075/967/753
f 236/891/688 237/1092/827 55/888/685
f 1083/968/754 53/1023/692 215/889/686
f 52/970/756 209/897/694 122/899/696
f 219/874/674 49/873/673 50/969/755
f 174/940/727 191/1091/826 245/971/757
f 221/972/310 45/959/310 218/973/311
f 46/975/646 241/932/643 260/976/639
f 120/879/676 106/935/414 1082/978/759
f 119/980/761 102/1136/758 748/981/759
f 262/878/675 1081/880/677 1080/983/762
f 260/976/639 241/932/643 121/930/721
f 64/982/358 1080/983/762 588/1007/714
f 153/986/765 148/991/770 110/987/766
f 111/989/768 148/991/770 153/986/765
f 108/990/769 130/1135/844 148/991/770
f 234/896/693 235/1130/754 250/962/748
f 899/166/2 897/164/2 42/974/640
f 901/151/97 899/166/2 260/976/639
f 89/993/636 259/1000/637 257/994/632
f 257/994/632 259/1000/637 48/996/772
f 48/996/772 259/1000/637 242/998/613
f 87/999/774 128/1055/798 106/935/414
f 259/1000/637 89/993/636 91/1001/638
f 165/1003/776 128/1055/798 87/999/774
f 137/1005/778 226/1008/610 256/1006/630
f 140/920/713 84/1067/809 64/982/358
f 226/1008/610 83/1049/611 132/1009/629
f 249/1011/780 254/1013/626 248/1012/625
f 254/1013/626 90/1027/626 69/1014/635
f 231/875/3 219/874/674 122/899/696
f 104/1004/777 256/1006/630 257/994/632
f 256/1006/630 132/1009/629 77/992/631
f 117/1016/782 147/1021/627 225/1017/606
f 225/1017/606 147/1021/627 145/1019/628
f 115/1020/783 246/1032/622 147/1021/627
f 147/1021/627 246/1032/622 144/1022/624
f 126/1024/784 66/955/742 215/889/686
f 184/1025/785 247/1026/618 254/1013/626
f 247/1026/618 58/1034/621 90/1027/626
f 144/1022/624 246/1032/622 248/1012/625
f 186/1029/787 154/1031/789 135/1030/788
f 184/1025/785 152/1081/818 154/1031/789
f 175/1062/805 253/1080/817 178/1061/804
f 246/1032/622 115/1020/783 179/1010/779
f 58/1034/621 247/1026/618 244/1035/615
f 205/1036/790 155/1074/813 134/1037/791
f 244/1035/615 247/1026/618 184/1025/785
f 59/1033/617 244/1035/615 227/1039/228
f 227/1039/228 244/1035/615 186/1029/787
s 0
f 60/1038/228 227/1039/228 243/1041/228
s 1
f 243/1041/228 227/1039/228 196/1028/786
s 0
f 61/1040/228 243/1041/228 138/1044/228
s 1
f 138/1044/228 243/1041/228 200/1042/792
f 62/1043/228 138/1044/228 242/998/613
f 242/998/613 138/1044/228 208/1045/792
f 177/883/680 173/950/737 116/1047/794
f 83/1049/611 226/1008/610 1079/1050/228
f 1079/1050/228 226/1008/610 137/1005/778
f 149/1052/601 156/1137/601 239/931/602
f 148/991/770 130/1135/844 109/965/751
f 68/1018/607 168/903/228 167/902/228
f 225/1017/606 167/902/228 166/1053/796
f 173/950/737 171/1093/828 114/1054/797
f 182/964/750 133/966/752 81/944/731
f 128/1055/798 165/1003/776 166/1053/796
f 125/1056/799 165/1003/776 164/1002/775
f 239/931/602 156/1137/601 1078/1057/800
f 183/1058/801 224/1060/803 189/1059/802
f 166/1053/796 167/902/228 1077/904/228
f 108/990/769 223/1063/806 224/1060/803
f 114/1054/797 171/1093/828 175/1062/805
f 111/989/768 229/1078/815 223/1063/806
f 785/1064/807 201/1098/829 211/1065/453
f 180/1046/793 164/1002/775 163/881/678
f 84/1067/809 162/882/679 163/881/678
f 258/979/760 211/1065/453 197/1068/451
f 92/1069/810 162/882/679 161/912/705
f 261/922/239 160/1099/239 161/912/705
f 119/980/761 197/1068/451 195/1071/450
f 123/1070/811 195/1071/450 204/1073/446
f 101/947/734 78/949/736 155/1074/813
f 115/1020/783 151/1082/819 142/1075/814
f 164/1002/775 87/999/774 80/1066/808
f 80/1066/808 87/999/774 120/879/676
f 214/918/711 192/919/712 222/1076/83
f 218/973/311 222/1076/83 194/1077/83
f 112/988/767 198/1079/816 229/1078/815
f 103/942/729 245/971/757 198/1079/816
f 915/169/83 913/167/107 43/877/311
f 233/898/695 234/896/693 185/960/746
f 209/897/694 52/970/756 1076/895/692
f 217/901/460 45/959/310 221/972/310
f 253/1080/817 82/1132/841 153/986/765
f 249/1011/780 136/1138/845 152/1081/818
f 233/898/695 213/958/745 217/901/460
f 64/982/358 84/1067/809 80/1066/808
f 117/1016/782 143/1083/820 151/1082/819
f 181/1015/781 125/1056/799 143/1083/820
f 127/1072/812 204/1073/446 228/1085/821
f 105/954/741 129/956/743 74/1086/822
f 123/1070/811 127/1072/812 40/1088/823
f 258/979/760 748/981/759 785/1064/807
f 176/911/704 206/913/706 207/1089/824
f 172/937/724 207/1089/824 203/1090/825
f 50/969/755 49/873/673 220/984/763
f 52/970/756 50/969/755 121/930/721
f 170/938/725 203/1090/825 191/1091/826
f 1076/895/692 52/970/756 199/929/720
f 237/1092/827 54/890/687 216/884/681
f 1075/967/753 55/888/685 187/887/684
f 57/963/749 631/1134/843 251/905/698
f 67/961/747 57/963/749 158/916/709
f 45/959/310 67/961/747 214/918/711
f 71/957/744 54/890/687 215/889/686
f 73/945/732 72/951/738 38/923/715
f 75/953/740 74/1086/822 159/995/771
f 72/951/738 76/1133/842 263/925/717
f 78/949/736 75/953/740 48/996/772
f 79/946/733 71/957/744 66/955/742
f 73/945/732 79/946/733 105/954/741
f 81/944/731 76/1133/842 101/947/734
f 85/943/730 82/1132/841 253/1080/817
f 86/941/728 85/943/730 175/1062/805
f 88/939/726 86/941/728 171/1093/828
f 162/882/679 84/1067/809 140/920/713
f 253/1080/817 136/1138/845 142/1075/814
f 791/1087/677 102/1136/758 119/980/761
f 165/1003/776 125/1056/799 181/1015/781
f 182/964/750 134/1037/791 135/1030/788
f 126/1024/784 53/1023/692 210/1051/795
f 305/753/580 198/1079/816 245/971/757
f 129/956/743 126/1024/784 137/1005/778
f 133/966/752 130/1135/844 108/990/769
f 135/1030/788 134/1037/791 200/1042/792
f 142/1075/814 136/1138/845 249/1011/780
f 74/1086/822 129/956/743 104/1004/777
f 143/1083/820 125/1056/799 180/1046/793
f 151/1082/819 143/1083/820 116/1047/794
f 88/939/726 92/1069/810 176/911/704
f 315/861/665 425/862/666 70/910/703
f 152/1081/818 136/1138/845 253/1080/817
f 153/986/765 82/1132/841 103/942/729
f 372/859/663 131/906/699 252/907/700
f 142/1075/814 151/1082/819 114/1054/797
f 155/1074/813 78/949/736 255/997/773
f 311/759/583 281/756/83 222/1076/83
f 81/944/731 133/966/752 183/1058/801
f 134/1037/791 155/1074/813 208/1045/792
f 154/1031/789 152/1081/818 113/985/764
f 135/1030/788 154/1031/789 110/987/766
s 0
f 839/1095/228 877/1097/228 886/1096/228
s 1
f 302/772/594 201/1098/829 877/1097/228
f 292/769/591 211/1065/453 201/1098/829
f 306/765/589 197/1068/451 211/1065/453
f 308/764/588 195/1071/450 197/1068/451
f 299/739/570 204/1073/446 195/1071/450
f 275/740/571 228/1085/821 204/1073/446
f 23/767/239 261/922/239 228/1085/821
s 0
f 343/766/239 160/1099/239 261/922/239
s 1
f 297/735/566 206/913/706 160/1099/239
f 296/733/564 207/1089/824 206/913/706
f 300/726/557 203/1090/825 207/1089/824
f 312/728/559 191/1091/826 203/1090/825
f 312/728/559 95/752/579 245/971/757
f 274/755/582 229/1078/815 198/1079/816
f 280/775/597 223/1063/806 229/1078/815
f 279/776/598 224/1060/803 223/1063/806
f 314/780/600 189/1059/802 224/1060/803
f 364/854/658 139/928/719 189/1059/802
f 456/855/659 39/926/659 139/928/719
f 301/856/660 202/924/716 39/926/659
f 315/861/665 188/915/708 202/924/716
f 334/863/667 169/885/682 70/910/703
f 100/864/668 240/1100/830 169/885/682
f 32/866/670 252/907/700 240/1100/830
f 273/858/662 230/917/710 131/906/699
f 311/759/583 192/919/712 230/917/710
s 0
f 309/758/83 194/1077/83 222/1076/83
f 917/132/83 915/169/83 194/1077/83
